Data,ID_SKU,ID_Sklepu,Prognoza_Sprzedazy
2026-03-02,SKU-F001,PLN-020,444.03
2026-03-02,SKU-F001,PLN-024,223.57
2026-03-02,SKU-F001,PLN-048,177.74
2026-03-02,SKU-F001,PLN-050,222.57
2026-03-02,SKU-F001,PLN-078,102.21
2026-03-02,SKU-F001,PLN-092,91.12
2026-03-02,SKU-F001,PLN-106,211.06
2026-03-02,SKU-F001,PLN-115,61.86
2026-03-02,SKU-F001,PLN-118,233.01
2026-03-02,SKU-F001,PLN-124,131.14
2026-03-02,SKU-F001,PLN-132,129.7
2026-03-02,SKU-F001,PLN-136,81.55
2026-03-02,SKU-F002,PLN-020,549.53
2026-03-02,SKU-F002,PLN-024,302.13
2026-03-02,SKU-F002,PLN-048,315.95
2026-03-02,SKU-F002,PLN-050,294.76
2026-03-02,SKU-F002,PLN-078,160.61
2026-03-02,SKU-F002,PLN-092,129.82
2026-03-02,SKU-F002,PLN-106,249.28
2026-03-02,SKU-F002,PLN-115,115.97
2026-03-02,SKU-F002,PLN-118,456.66
2026-03-02,SKU-F002,PLN-124,228.97
2026-03-02,SKU-F002,PLN-132,213.29
2026-03-02,SKU-F002,PLN-136,143.16
2026-03-02,SKU-F003,PLN-020,496.98
2026-03-02,SKU-F003,PLN-024,367.72
2026-03-02,SKU-F003,PLN-048,368.11
2026-03-02,SKU-F003,PLN-050,347.93
2026-03-02,SKU-F003,PLN-078,184.75
2026-03-02,SKU-F003,PLN-092,177.58
2026-03-02,SKU-F003,PLN-106,256.97
2026-03-02,SKU-F003,PLN-115,130.0
2026-03-02,SKU-F003,PLN-118,388.01
2026-03-02,SKU-F003,PLN-124,242.56
2026-03-02,SKU-F003,PLN-132,179.56
2026-03-02,SKU-F003,PLN-136,118.61
2026-03-02,SKU-F005,PLN-020,533.44
2026-03-02,SKU-F005,PLN-024,352.78
2026-03-02,SKU-F005,PLN-048,339.47
2026-03-02,SKU-F005,PLN-050,333.07
2026-03-02,SKU-F005,PLN-078,150.93
2026-03-02,SKU-F005,PLN-092,134.9
2026-03-02,SKU-F005,PLN-106,220.8
2026-03-02,SKU-F005,PLN-115,118.65
2026-03-02,SKU-F005,PLN-118,376.56
2026-03-02,SKU-F005,PLN-124,263.8
2026-03-02,SKU-F005,PLN-132,219.48
2026-03-02,SKU-F005,PLN-136,104.16
2026-03-02,SKU-F006,PLN-020,757.13
2026-03-02,SKU-F006,PLN-024,466.96
2026-03-02,SKU-F006,PLN-048,396.21
2026-03-02,SKU-F006,PLN-050,396.09
2026-03-02,SKU-F006,PLN-078,224.47
2026-03-02,SKU-F006,PLN-092,218.73
2026-03-02,SKU-F006,PLN-106,391.74
2026-03-02,SKU-F006,PLN-115,164.61
2026-03-02,SKU-F006,PLN-118,554.02
2026-03-02,SKU-F006,PLN-124,276.52
2026-03-02,SKU-F006,PLN-132,227.76
2026-03-02,SKU-F006,PLN-136,151.77
2026-03-02,SKU-F007,PLN-020,680.87
2026-03-02,SKU-F007,PLN-024,328.55
2026-03-02,SKU-F007,PLN-048,368.43
2026-03-02,SKU-F007,PLN-050,321.6
2026-03-02,SKU-F007,PLN-078,169.57
2026-03-02,SKU-F007,PLN-092,166.27
2026-03-02,SKU-F007,PLN-106,307.56
2026-03-02,SKU-F007,PLN-115,119.34
2026-03-02,SKU-F007,PLN-118,441.62
2026-03-02,SKU-F007,PLN-124,287.35
2026-03-02,SKU-F007,PLN-132,241.58
2026-03-02,SKU-F007,PLN-136,134.42
2026-03-02,SKU-F008,PLN-020,194.56
2026-03-02,SKU-F008,PLN-024,117.92
2026-03-02,SKU-F008,PLN-048,113.9
2026-03-02,SKU-F008,PLN-050,117.51
2026-03-02,SKU-F008,PLN-078,57.76
2026-03-02,SKU-F008,PLN-092,50.43
2026-03-02,SKU-F008,PLN-106,73.65
2026-03-02,SKU-F008,PLN-115,38.85
2026-03-02,SKU-F008,PLN-118,136.31
2026-03-02,SKU-F008,PLN-124,65.95
2026-03-02,SKU-F008,PLN-132,70.56
2026-03-02,SKU-F008,PLN-136,46.44
2026-03-02,SKU-F009,PLN-020,284.06
2026-03-02,SKU-F009,PLN-024,184.33
2026-03-02,SKU-F009,PLN-048,143.21
2026-03-02,SKU-F009,PLN-050,190.14
2026-03-02,SKU-F009,PLN-078,82.23
2026-03-02,SKU-F009,PLN-092,65.16
2026-03-02,SKU-F009,PLN-106,125.0
2026-03-02,SKU-F009,PLN-115,81.35
2026-03-02,SKU-F009,PLN-118,207.45
2026-03-02,SKU-F009,PLN-124,123.05
2026-03-02,SKU-F009,PLN-132,120.78
2026-03-02,SKU-F009,PLN-136,63.95
2026-03-02,SKU-F011,PLN-020,245.11
2026-03-02,SKU-F011,PLN-024,149.92
2026-03-02,SKU-F011,PLN-048,133.04
2026-03-02,SKU-F011,PLN-050,157.25
2026-03-02,SKU-F011,PLN-078,65.69
2026-03-02,SKU-F011,PLN-092,60.2
2026-03-02,SKU-F011,PLN-106,109.22
2026-03-02,SKU-F011,PLN-115,48.24
2026-03-02,SKU-F011,PLN-118,155.52
2026-03-02,SKU-F011,PLN-124,103.36
2026-03-02,SKU-F011,PLN-132,88.35
2026-03-02,SKU-F011,PLN-136,54.62
2026-03-02,SKU-F012,PLN-020,197.82
2026-03-02,SKU-F012,PLN-024,93.34
2026-03-02,SKU-F012,PLN-048,92.07
2026-03-02,SKU-F012,PLN-050,84.08
2026-03-02,SKU-F012,PLN-078,41.03
2026-03-02,SKU-F012,PLN-092,41.34
2026-03-02,SKU-F012,PLN-106,79.46
2026-03-02,SKU-F012,PLN-115,36.93
2026-03-02,SKU-F012,PLN-118,111.58
2026-03-02,SKU-F012,PLN-124,63.13
2026-03-02,SKU-F012,PLN-132,57.1
2026-03-02,SKU-F012,PLN-136,36.75
2026-03-03,SKU-F001,PLN-020,415.29
2026-03-03,SKU-F001,PLN-024,232.84
2026-03-03,SKU-F001,PLN-048,174.93
2026-03-03,SKU-F001,PLN-050,219.81
2026-03-03,SKU-F001,PLN-078,110.71
2026-03-03,SKU-F001,PLN-092,93.41
2026-03-03,SKU-F001,PLN-106,213.31
2026-03-03,SKU-F001,PLN-115,64.16
2026-03-03,SKU-F001,PLN-118,240.47
2026-03-03,SKU-F001,PLN-124,138.34
2026-03-03,SKU-F001,PLN-132,133.87
2026-03-03,SKU-F001,PLN-136,83.39
2026-03-03,SKU-F002,PLN-020,498.23
2026-03-03,SKU-F002,PLN-024,319.44
2026-03-03,SKU-F002,PLN-048,313.67
2026-03-03,SKU-F002,PLN-050,311.88
2026-03-03,SKU-F002,PLN-078,166.13
2026-03-03,SKU-F002,PLN-092,133.84
2026-03-03,SKU-F002,PLN-106,254.6
2026-03-03,SKU-F002,PLN-115,121.76
2026-03-03,SKU-F002,PLN-118,421.16
2026-03-03,SKU-F002,PLN-124,235.37
2026-03-03,SKU-F002,PLN-132,217.17
2026-03-03,SKU-F002,PLN-136,143.92
2026-03-03,SKU-F003,PLN-020,495.4
2026-03-03,SKU-F003,PLN-024,367.74
2026-03-03,SKU-F003,PLN-048,378.48
2026-03-03,SKU-F003,PLN-050,336.04
2026-03-03,SKU-F003,PLN-078,186.72
2026-03-03,SKU-F003,PLN-092,182.21
2026-03-03,SKU-F003,PLN-106,271.8
2026-03-03,SKU-F003,PLN-115,126.13
2026-03-03,SKU-F003,PLN-118,397.0
2026-03-03,SKU-F003,PLN-124,267.44
2026-03-03,SKU-F003,PLN-132,192.58
2026-03-03,SKU-F003,PLN-136,115.61
2026-03-03,SKU-F005,PLN-020,619.02
2026-03-03,SKU-F005,PLN-024,338.44
2026-03-03,SKU-F005,PLN-048,344.19
2026-03-03,SKU-F005,PLN-050,331.58
2026-03-03,SKU-F005,PLN-078,153.71
2026-03-03,SKU-F005,PLN-092,142.36
2026-03-03,SKU-F005,PLN-106,249.68
2026-03-03,SKU-F005,PLN-115,121.75
2026-03-03,SKU-F005,PLN-118,388.95
2026-03-03,SKU-F005,PLN-124,271.71
2026-03-03,SKU-F005,PLN-132,228.58
2026-03-03,SKU-F005,PLN-136,102.57
2026-03-03,SKU-F006,PLN-020,873.76
2026-03-03,SKU-F006,PLN-024,462.75
2026-03-03,SKU-F006,PLN-048,401.06
2026-03-03,SKU-F006,PLN-050,414.77
2026-03-03,SKU-F006,PLN-078,234.61
2026-03-03,SKU-F006,PLN-092,222.78
2026-03-03,SKU-F006,PLN-106,398.84
2026-03-03,SKU-F006,PLN-115,165.42
2026-03-03,SKU-F006,PLN-118,551.91
2026-03-03,SKU-F006,PLN-124,297.5
2026-03-03,SKU-F006,PLN-132,237.48
2026-03-03,SKU-F006,PLN-136,158.33
2026-03-03,SKU-F007,PLN-020,700.11
2026-03-03,SKU-F007,PLN-024,331.03
2026-03-03,SKU-F007,PLN-048,367.12
2026-03-03,SKU-F007,PLN-050,359.22
2026-03-03,SKU-F007,PLN-078,170.07
2026-03-03,SKU-F007,PLN-092,173.94
2026-03-03,SKU-F007,PLN-106,300.19
2026-03-03,SKU-F007,PLN-115,113.52
2026-03-03,SKU-F007,PLN-118,447.63
2026-03-03,SKU-F007,PLN-124,286.99
2026-03-03,SKU-F007,PLN-132,261.14
2026-03-03,SKU-F007,PLN-136,138.04
2026-03-03,SKU-F008,PLN-020,235.72
2026-03-03,SKU-F008,PLN-024,117.98
2026-03-03,SKU-F008,PLN-048,111.45
2026-03-03,SKU-F008,PLN-050,116.01
2026-03-03,SKU-F008,PLN-078,59.87
2026-03-03,SKU-F008,PLN-092,51.19
2026-03-03,SKU-F008,PLN-106,73.06
2026-03-03,SKU-F008,PLN-115,42.65
2026-03-03,SKU-F008,PLN-118,140.25
2026-03-03,SKU-F008,PLN-124,69.99
2026-03-03,SKU-F008,PLN-132,68.73
2026-03-03,SKU-F008,PLN-136,48.55
2026-03-03,SKU-F009,PLN-020,331.59
2026-03-03,SKU-F009,PLN-024,189.34
2026-03-03,SKU-F009,PLN-048,136.95
2026-03-03,SKU-F009,PLN-050,190.73
2026-03-03,SKU-F009,PLN-078,80.47
2026-03-03,SKU-F009,PLN-092,69.02
2026-03-03,SKU-F009,PLN-106,129.48
2026-03-03,SKU-F009,PLN-115,80.02
2026-03-03,SKU-F009,PLN-118,206.82
2026-03-03,SKU-F009,PLN-124,118.7
2026-03-03,SKU-F009,PLN-132,119.44
2026-03-03,SKU-F009,PLN-136,65.09
2026-03-03,SKU-F011,PLN-020,251.38
2026-03-03,SKU-F011,PLN-024,153.23
2026-03-03,SKU-F011,PLN-048,133.22
2026-03-03,SKU-F011,PLN-050,155.08
2026-03-03,SKU-F011,PLN-078,73.17
2026-03-03,SKU-F011,PLN-092,64.11
2026-03-03,SKU-F011,PLN-106,111.09
2026-03-03,SKU-F011,PLN-115,48.68
2026-03-03,SKU-F011,PLN-118,162.16
2026-03-03,SKU-F011,PLN-124,105.2
2026-03-03,SKU-F011,PLN-132,90.12
2026-03-03,SKU-F011,PLN-136,56.39
2026-03-03,SKU-F012,PLN-020,193.64
2026-03-03,SKU-F012,PLN-024,95.41
2026-03-03,SKU-F012,PLN-048,92.66
2026-03-03,SKU-F012,PLN-050,89.89
2026-03-03,SKU-F012,PLN-078,42.79
2026-03-03,SKU-F012,PLN-092,42.79
2026-03-03,SKU-F012,PLN-106,79.89
2026-03-03,SKU-F012,PLN-115,38.38
2026-03-03,SKU-F012,PLN-118,118.68
2026-03-03,SKU-F012,PLN-124,64.57
2026-03-03,SKU-F012,PLN-132,57.98
2026-03-03,SKU-F012,PLN-136,38.2
2026-03-04,SKU-F001,PLN-020,455.86
2026-03-04,SKU-F001,PLN-024,233.6
2026-03-04,SKU-F001,PLN-048,195.58
2026-03-04,SKU-F001,PLN-050,230.97
2026-03-04,SKU-F001,PLN-078,108.61
2026-03-04,SKU-F001,PLN-092,101.65
2026-03-04,SKU-F001,PLN-106,209.87
2026-03-04,SKU-F001,PLN-115,70.94
2026-03-04,SKU-F001,PLN-118,253.01
2026-03-04,SKU-F001,PLN-124,141.48
2026-03-04,SKU-F001,PLN-132,128.67
2026-03-04,SKU-F001,PLN-136,87.7
2026-03-04,SKU-F002,PLN-020,521.57
2026-03-04,SKU-F002,PLN-024,323.81
2026-03-04,SKU-F002,PLN-048,322.65
2026-03-04,SKU-F002,PLN-050,317.26
2026-03-04,SKU-F002,PLN-078,179.85
2026-03-04,SKU-F002,PLN-092,132.52
2026-03-04,SKU-F002,PLN-106,259.89
2026-03-04,SKU-F002,PLN-115,121.68
2026-03-04,SKU-F002,PLN-118,444.49
2026-03-04,SKU-F002,PLN-124,240.78
2026-03-04,SKU-F002,PLN-132,220.09
2026-03-04,SKU-F002,PLN-136,146.95
2026-03-04,SKU-F003,PLN-020,542.19
2026-03-04,SKU-F003,PLN-024,363.97
2026-03-04,SKU-F003,PLN-048,360.95
2026-03-04,SKU-F003,PLN-050,351.91
2026-03-04,SKU-F003,PLN-078,192.81
2026-03-04,SKU-F003,PLN-092,189.17
2026-03-04,SKU-F003,PLN-106,262.21
2026-03-04,SKU-F003,PLN-115,130.02
2026-03-04,SKU-F003,PLN-118,401.6
2026-03-04,SKU-F003,PLN-124,281.08
2026-03-04,SKU-F003,PLN-132,185.25
2026-03-04,SKU-F003,PLN-136,118.22
2026-03-04,SKU-F005,PLN-020,717.32
2026-03-04,SKU-F005,PLN-024,327.94
2026-03-04,SKU-F005,PLN-048,327.96
2026-03-04,SKU-F005,PLN-050,331.45
2026-03-04,SKU-F005,PLN-078,167.12
2026-03-04,SKU-F005,PLN-092,132.38
2026-03-04,SKU-F005,PLN-106,243.38
2026-03-04,SKU-F005,PLN-115,121.45
2026-03-04,SKU-F005,PLN-118,380.6
2026-03-04,SKU-F005,PLN-124,273.74
2026-03-04,SKU-F005,PLN-132,238.98
2026-03-04,SKU-F005,PLN-136,105.2
2026-03-04,SKU-F006,PLN-020,701.49
2026-03-04,SKU-F006,PLN-024,447.09
2026-03-04,SKU-F006,PLN-048,403.75
2026-03-04,SKU-F006,PLN-050,393.92
2026-03-04,SKU-F006,PLN-078,258.67
2026-03-04,SKU-F006,PLN-092,231.24
2026-03-04,SKU-F006,PLN-106,408.22
2026-03-04,SKU-F006,PLN-115,170.26
2026-03-04,SKU-F006,PLN-118,561.24
2026-03-04,SKU-F006,PLN-124,299.38
2026-03-04,SKU-F006,PLN-132,242.97
2026-03-04,SKU-F006,PLN-136,169.33
2026-03-04,SKU-F007,PLN-020,781.96
2026-03-04,SKU-F007,PLN-024,335.74
2026-03-04,SKU-F007,PLN-048,379.32
2026-03-04,SKU-F007,PLN-050,346.61
2026-03-04,SKU-F007,PLN-078,175.06
2026-03-04,SKU-F007,PLN-092,171.17
2026-03-04,SKU-F007,PLN-106,307.41
2026-03-04,SKU-F007,PLN-115,122.99
2026-03-04,SKU-F007,PLN-118,441.31
2026-03-04,SKU-F007,PLN-124,290.92
2026-03-04,SKU-F007,PLN-132,272.07
2026-03-04,SKU-F007,PLN-136,142.84
2026-03-04,SKU-F008,PLN-020,205.79
2026-03-04,SKU-F008,PLN-024,117.51
2026-03-04,SKU-F008,PLN-048,116.03
2026-03-04,SKU-F008,PLN-050,120.81
2026-03-04,SKU-F008,PLN-078,58.06
2026-03-04,SKU-F008,PLN-092,52.14
2026-03-04,SKU-F008,PLN-106,75.86
2026-03-04,SKU-F008,PLN-115,44.66
2026-03-04,SKU-F008,PLN-118,140.53
2026-03-04,SKU-F008,PLN-124,72.95
2026-03-04,SKU-F008,PLN-132,68.33
2026-03-04,SKU-F008,PLN-136,50.18
2026-03-04,SKU-F009,PLN-020,339.09
2026-03-04,SKU-F009,PLN-024,196.44
2026-03-04,SKU-F009,PLN-048,159.41
2026-03-04,SKU-F009,PLN-050,200.46
2026-03-04,SKU-F009,PLN-078,82.94
2026-03-04,SKU-F009,PLN-092,73.72
2026-03-04,SKU-F009,PLN-106,129.25
2026-03-04,SKU-F009,PLN-115,84.39
2026-03-04,SKU-F009,PLN-118,214.13
2026-03-04,SKU-F009,PLN-124,126.68
2026-03-04,SKU-F009,PLN-132,115.98
2026-03-04,SKU-F009,PLN-136,64.83
2026-03-04,SKU-F011,PLN-020,252.79
2026-03-04,SKU-F011,PLN-024,153.69
2026-03-04,SKU-F011,PLN-048,138.57
2026-03-04,SKU-F011,PLN-050,160.12
2026-03-04,SKU-F011,PLN-078,71.22
2026-03-04,SKU-F011,PLN-092,67.66
2026-03-04,SKU-F011,PLN-106,118.51
2026-03-04,SKU-F011,PLN-115,51.05
2026-03-04,SKU-F011,PLN-118,169.29
2026-03-04,SKU-F011,PLN-124,107.38
2026-03-04,SKU-F011,PLN-132,91.98
2026-03-04,SKU-F011,PLN-136,58.38
2026-03-04,SKU-F012,PLN-020,204.27
2026-03-04,SKU-F012,PLN-024,93.97
2026-03-04,SKU-F012,PLN-048,92.54
2026-03-04,SKU-F012,PLN-050,89.93
2026-03-04,SKU-F012,PLN-078,45.14
2026-03-04,SKU-F012,PLN-092,44.8
2026-03-04,SKU-F012,PLN-106,81.93
2026-03-04,SKU-F012,PLN-115,40.39
2026-03-04,SKU-F012,PLN-118,122.45
2026-03-04,SKU-F012,PLN-124,67.45
2026-03-04,SKU-F012,PLN-132,62.79
2026-03-04,SKU-F012,PLN-136,39.83
2026-03-05,SKU-F001,PLN-020,474.76
2026-03-05,SKU-F001,PLN-024,249.9
2026-03-05,SKU-F001,PLN-048,200.51
2026-03-05,SKU-F001,PLN-050,244.74
2026-03-05,SKU-F001,PLN-078,110.5
2026-03-05,SKU-F001,PLN-092,106.93
2026-03-05,SKU-F001,PLN-106,221.83
2026-03-05,SKU-F001,PLN-115,75.83
2026-03-05,SKU-F001,PLN-118,296.76
2026-03-05,SKU-F001,PLN-124,144.32
2026-03-05,SKU-F001,PLN-132,131.7
2026-03-05,SKU-F001,PLN-136,91.08
2026-03-05,SKU-F002,PLN-020,576.14
2026-03-05,SKU-F002,PLN-024,363.61
2026-03-05,SKU-F002,PLN-048,351.82
2026-03-05,SKU-F002,PLN-050,327.44
2026-03-05,SKU-F002,PLN-078,170.34
2026-03-05,SKU-F002,PLN-092,137.65
2026-03-05,SKU-F002,PLN-106,273.37
2026-03-05,SKU-F002,PLN-115,133.55
2026-03-05,SKU-F002,PLN-118,448.23
2026-03-05,SKU-F002,PLN-124,254.33
2026-03-05,SKU-F002,PLN-132,246.66
2026-03-05,SKU-F002,PLN-136,154.0
2026-03-05,SKU-F003,PLN-020,650.09
2026-03-05,SKU-F003,PLN-024,400.09
2026-03-05,SKU-F003,PLN-048,370.1
2026-03-05,SKU-F003,PLN-050,371.46
2026-03-05,SKU-F003,PLN-078,205.65
2026-03-05,SKU-F003,PLN-092,202.11
2026-03-05,SKU-F003,PLN-106,288.4
2026-03-05,SKU-F003,PLN-115,140.78
2026-03-05,SKU-F003,PLN-118,414.54
2026-03-05,SKU-F003,PLN-124,285.09
2026-03-05,SKU-F003,PLN-132,205.19
2026-03-05,SKU-F003,PLN-136,122.4
2026-03-05,SKU-F005,PLN-020,578.11
2026-03-05,SKU-F005,PLN-024,383.61
2026-03-05,SKU-F005,PLN-048,344.89
2026-03-05,SKU-F005,PLN-050,344.38
2026-03-05,SKU-F005,PLN-078,162.64
2026-03-05,SKU-F005,PLN-092,146.68
2026-03-05,SKU-F005,PLN-106,272.49
2026-03-05,SKU-F005,PLN-115,126.42
2026-03-05,SKU-F005,PLN-118,424.58
2026-03-05,SKU-F005,PLN-124,295.85
2026-03-05,SKU-F005,PLN-132,254.62
2026-03-05,SKU-F005,PLN-136,110.21
2026-03-05,SKU-F006,PLN-020,782.81
2026-03-05,SKU-F006,PLN-024,495.89
2026-03-05,SKU-F006,PLN-048,415.34
2026-03-05,SKU-F006,PLN-050,394.15
2026-03-05,SKU-F006,PLN-078,260.6
2026-03-05,SKU-F006,PLN-092,235.8
2026-03-05,SKU-F006,PLN-106,421.16
2026-03-05,SKU-F006,PLN-115,169.56
2026-03-05,SKU-F006,PLN-118,603.79
2026-03-05,SKU-F006,PLN-124,295.78
2026-03-05,SKU-F006,PLN-132,250.31
2026-03-05,SKU-F006,PLN-136,163.77
2026-03-05,SKU-F007,PLN-020,630.7
2026-03-05,SKU-F007,PLN-024,356.02
2026-03-05,SKU-F007,PLN-048,360.69
2026-03-05,SKU-F007,PLN-050,366.75
2026-03-05,SKU-F007,PLN-078,184.86
2026-03-05,SKU-F007,PLN-092,182.31
2026-03-05,SKU-F007,PLN-106,327.68
2026-03-05,SKU-F007,PLN-115,126.73
2026-03-05,SKU-F007,PLN-118,499.39
2026-03-05,SKU-F007,PLN-124,293.38
2026-03-05,SKU-F007,PLN-132,296.56
2026-03-05,SKU-F007,PLN-136,145.0
2026-03-05,SKU-F008,PLN-020,215.12
2026-03-05,SKU-F008,PLN-024,123.21
2026-03-05,SKU-F008,PLN-048,125.18
2026-03-05,SKU-F008,PLN-050,120.0
2026-03-05,SKU-F008,PLN-078,56.68
2026-03-05,SKU-F008,PLN-092,53.12
2026-03-05,SKU-F008,PLN-106,74.95
2026-03-05,SKU-F008,PLN-115,46.66
2026-03-05,SKU-F008,PLN-118,138.63
2026-03-05,SKU-F008,PLN-124,84.28
2026-03-05,SKU-F008,PLN-132,74.52
2026-03-05,SKU-F008,PLN-136,53.83
2026-03-05,SKU-F009,PLN-020,343.4
2026-03-05,SKU-F009,PLN-024,214.9
2026-03-05,SKU-F009,PLN-048,150.76
2026-03-05,SKU-F009,PLN-050,233.82
2026-03-05,SKU-F009,PLN-078,75.07
2026-03-05,SKU-F009,PLN-092,80.8
2026-03-05,SKU-F009,PLN-106,128.84
2026-03-05,SKU-F009,PLN-115,88.55
2026-03-05,SKU-F009,PLN-118,228.86
2026-03-05,SKU-F009,PLN-124,128.98
2026-03-05,SKU-F009,PLN-132,126.36
2026-03-05,SKU-F009,PLN-136,67.23
2026-03-05,SKU-F011,PLN-020,262.06
2026-03-05,SKU-F011,PLN-024,162.93
2026-03-05,SKU-F011,PLN-048,142.12
2026-03-05,SKU-F011,PLN-050,165.77
2026-03-05,SKU-F011,PLN-078,73.72
2026-03-05,SKU-F011,PLN-092,70.9
2026-03-05,SKU-F011,PLN-106,125.51
2026-03-05,SKU-F011,PLN-115,49.32
2026-03-05,SKU-F011,PLN-118,183.9
2026-03-05,SKU-F011,PLN-124,110.64
2026-03-05,SKU-F011,PLN-132,94.91
2026-03-05,SKU-F011,PLN-136,58.4
2026-03-05,SKU-F012,PLN-020,209.99
2026-03-05,SKU-F012,PLN-024,100.61
2026-03-05,SKU-F012,PLN-048,99.13
2026-03-05,SKU-F012,PLN-050,96.35
2026-03-05,SKU-F012,PLN-078,45.45
2026-03-05,SKU-F012,PLN-092,47.4
2026-03-05,SKU-F012,PLN-106,87.3
2026-03-05,SKU-F012,PLN-115,42.99
2026-03-05,SKU-F012,PLN-118,127.47
2026-03-05,SKU-F012,PLN-124,71.69
2026-03-05,SKU-F012,PLN-132,67.57
2026-03-05,SKU-F012,PLN-136,42.43
2026-03-06,SKU-F001,PLN-020,612.8
2026-03-06,SKU-F001,PLN-024,382.32
2026-03-06,SKU-F001,PLN-048,287.7
2026-03-06,SKU-F001,PLN-050,342.62
2026-03-06,SKU-F001,PLN-078,153.78
2026-03-06,SKU-F001,PLN-092,156.42
2026-03-06,SKU-F001,PLN-106,325.67
2026-03-06,SKU-F001,PLN-115,106.86
2026-03-06,SKU-F001,PLN-118,393.66
2026-03-06,SKU-F001,PLN-124,200.0
2026-03-06,SKU-F001,PLN-132,203.7
2026-03-06,SKU-F001,PLN-136,132.66
2026-03-06,SKU-F002,PLN-020,869.4
2026-03-06,SKU-F002,PLN-024,433.12
2026-03-06,SKU-F002,PLN-048,566.17
2026-03-06,SKU-F002,PLN-050,466.79
2026-03-06,SKU-F002,PLN-078,283.94
2026-03-06,SKU-F002,PLN-092,207.89
2026-03-06,SKU-F002,PLN-106,405.49
2026-03-06,SKU-F002,PLN-115,206.75
2026-03-06,SKU-F002,PLN-118,602.4
2026-03-06,SKU-F002,PLN-124,369.45
2026-03-06,SKU-F002,PLN-132,336.81
2026-03-06,SKU-F002,PLN-136,215.97
2026-03-06,SKU-F003,PLN-020,1080.45
2026-03-06,SKU-F003,PLN-024,555.42
2026-03-06,SKU-F003,PLN-048,563.51
2026-03-06,SKU-F003,PLN-050,549.62
2026-03-06,SKU-F003,PLN-078,277.48
2026-03-06,SKU-F003,PLN-092,295.61
2026-03-06,SKU-F003,PLN-106,421.68
2026-03-06,SKU-F003,PLN-115,214.6
2026-03-06,SKU-F003,PLN-118,639.35
2026-03-06,SKU-F003,PLN-124,438.8
2026-03-06,SKU-F003,PLN-132,305.45
2026-03-06,SKU-F003,PLN-136,188.88
2026-03-06,SKU-F005,PLN-020,918.85
2026-03-06,SKU-F005,PLN-024,526.17
2026-03-06,SKU-F005,PLN-048,527.27
2026-03-06,SKU-F005,PLN-050,525.67
2026-03-06,SKU-F005,PLN-078,222.25
2026-03-06,SKU-F005,PLN-092,211.69
2026-03-06,SKU-F005,PLN-106,374.12
2026-03-06,SKU-F005,PLN-115,184.77
2026-03-06,SKU-F005,PLN-118,591.34
2026-03-06,SKU-F005,PLN-124,430.62
2026-03-06,SKU-F005,PLN-132,379.33
2026-03-06,SKU-F005,PLN-136,159.95
2026-03-06,SKU-F006,PLN-020,925.66
2026-03-06,SKU-F006,PLN-024,607.87
2026-03-06,SKU-F006,PLN-048,617.28
2026-03-06,SKU-F006,PLN-050,544.18
2026-03-06,SKU-F006,PLN-078,365.76
2026-03-06,SKU-F006,PLN-092,319.09
2026-03-06,SKU-F006,PLN-106,560.31
2026-03-06,SKU-F006,PLN-115,240.5
2026-03-06,SKU-F006,PLN-118,811.6
2026-03-06,SKU-F006,PLN-124,378.48
2026-03-06,SKU-F006,PLN-132,330.57
2026-03-06,SKU-F006,PLN-136,239.79
2026-03-06,SKU-F007,PLN-020,934.77
2026-03-06,SKU-F007,PLN-024,527.46
2026-03-06,SKU-F007,PLN-048,536.98
2026-03-06,SKU-F007,PLN-050,524.23
2026-03-06,SKU-F007,PLN-078,283.44
2026-03-06,SKU-F007,PLN-092,244.97
2026-03-06,SKU-F007,PLN-106,475.47
2026-03-06,SKU-F007,PLN-115,188.72
2026-03-06,SKU-F007,PLN-118,648.55
2026-03-06,SKU-F007,PLN-124,398.31
2026-03-06,SKU-F007,PLN-132,427.7
2026-03-06,SKU-F007,PLN-136,209.37
2026-03-06,SKU-F008,PLN-020,300.76
2026-03-06,SKU-F008,PLN-024,181.28
2026-03-06,SKU-F008,PLN-048,176.52
2026-03-06,SKU-F008,PLN-050,172.89
2026-03-06,SKU-F008,PLN-078,84.83
2026-03-06,SKU-F008,PLN-092,72.76
2026-03-06,SKU-F008,PLN-106,109.78
2026-03-06,SKU-F008,PLN-115,66.82
2026-03-06,SKU-F008,PLN-118,195.16
2026-03-06,SKU-F008,PLN-124,120.48
2026-03-06,SKU-F008,PLN-132,102.64
2026-03-06,SKU-F008,PLN-136,75.4
2026-03-06,SKU-F009,PLN-020,489.92
2026-03-06,SKU-F009,PLN-024,278.12
2026-03-06,SKU-F009,PLN-048,228.65
2026-03-06,SKU-F009,PLN-050,296.45
2026-03-06,SKU-F009,PLN-078,105.79
2026-03-06,SKU-F009,PLN-092,123.95
2026-03-06,SKU-F009,PLN-106,189.94
2026-03-06,SKU-F009,PLN-115,125.35
2026-03-06,SKU-F009,PLN-118,326.82
2026-03-06,SKU-F009,PLN-124,203.42
2026-03-06,SKU-F009,PLN-132,184.41
2026-03-06,SKU-F009,PLN-136,90.79
2026-03-06,SKU-F011,PLN-020,407.72
2026-03-06,SKU-F011,PLN-024,241.47
2026-03-06,SKU-F011,PLN-048,211.02
2026-03-06,SKU-F011,PLN-050,253.48
2026-03-06,SKU-F011,PLN-078,114.12
2026-03-06,SKU-F011,PLN-092,102.49
2026-03-06,SKU-F011,PLN-106,193.92
2026-03-06,SKU-F011,PLN-115,73.98
2026-03-06,SKU-F011,PLN-118,255.87
2026-03-06,SKU-F011,PLN-124,163.42
2026-03-06,SKU-F011,PLN-132,134.02
2026-03-06,SKU-F011,PLN-136,82.57
2026-03-06,SKU-F012,PLN-020,304.25
2026-03-06,SKU-F012,PLN-024,150.87
2026-03-06,SKU-F012,PLN-048,147.74
2026-03-06,SKU-F012,PLN-050,144.71
2026-03-06,SKU-F012,PLN-078,69.07
2026-03-06,SKU-F012,PLN-092,68.77
2026-03-06,SKU-F012,PLN-106,123.44
2026-03-06,SKU-F012,PLN-115,64.66
2026-03-06,SKU-F012,PLN-118,186.77
2026-03-06,SKU-F012,PLN-124,103.1
2026-03-06,SKU-F012,PLN-132,90.87
2026-03-06,SKU-F012,PLN-136,64.1
2026-03-07,SKU-F001,PLN-020,849.53
2026-03-07,SKU-F001,PLN-024,427.9
2026-03-07,SKU-F001,PLN-048,292.75
2026-03-07,SKU-F001,PLN-050,375.77
2026-03-07,SKU-F001,PLN-078,165.42
2026-03-07,SKU-F001,PLN-092,179.51
2026-03-07,SKU-F001,PLN-106,327.0
2026-03-07,SKU-F001,PLN-115,110.63
2026-03-07,SKU-F001,PLN-118,440.22
2026-03-07,SKU-F001,PLN-124,216.94
2026-03-07,SKU-F001,PLN-132,228.34
2026-03-07,SKU-F001,PLN-136,147.18
2026-03-07,SKU-F002,PLN-020,896.13
2026-03-07,SKU-F002,PLN-024,473.25
2026-03-07,SKU-F002,PLN-048,534.32
2026-03-07,SKU-F002,PLN-050,514.87
2026-03-07,SKU-F002,PLN-078,273.74
2026-03-07,SKU-F002,PLN-092,239.8
2026-03-07,SKU-F002,PLN-106,436.52
2026-03-07,SKU-F002,PLN-115,231.05
2026-03-07,SKU-F002,PLN-118,713.91
2026-03-07,SKU-F002,PLN-124,419.0
2026-03-07,SKU-F002,PLN-132,374.69
2026-03-07,SKU-F002,PLN-136,258.08
2026-03-07,SKU-F003,PLN-020,1099.7
2026-03-07,SKU-F003,PLN-024,613.6
2026-03-07,SKU-F003,PLN-048,593.68
2026-03-07,SKU-F003,PLN-050,587.02
2026-03-07,SKU-F003,PLN-078,314.47
2026-03-07,SKU-F003,PLN-092,324.36
2026-03-07,SKU-F003,PLN-106,488.28
2026-03-07,SKU-F003,PLN-115,223.33
2026-03-07,SKU-F003,PLN-118,599.65
2026-03-07,SKU-F003,PLN-124,438.98
2026-03-07,SKU-F003,PLN-132,342.89
2026-03-07,SKU-F003,PLN-136,197.3
2026-03-07,SKU-F005,PLN-020,812.04
2026-03-07,SKU-F005,PLN-024,548.87
2026-03-07,SKU-F005,PLN-048,502.59
2026-03-07,SKU-F005,PLN-050,560.95
2026-03-07,SKU-F005,PLN-078,262.53
2026-03-07,SKU-F005,PLN-092,237.69
2026-03-07,SKU-F005,PLN-106,428.27
2026-03-07,SKU-F005,PLN-115,199.14
2026-03-07,SKU-F005,PLN-118,706.38
2026-03-07,SKU-F005,PLN-124,454.19
2026-03-07,SKU-F005,PLN-132,418.22
2026-03-07,SKU-F005,PLN-136,194.7
2026-03-07,SKU-F006,PLN-020,890.97
2026-03-07,SKU-F006,PLN-024,657.48
2026-03-07,SKU-F006,PLN-048,637.56
2026-03-07,SKU-F006,PLN-050,606.27
2026-03-07,SKU-F006,PLN-078,397.85
2026-03-07,SKU-F006,PLN-092,360.08
2026-03-07,SKU-F006,PLN-106,590.27
2026-03-07,SKU-F006,PLN-115,272.88
2026-03-07,SKU-F006,PLN-118,842.03
2026-03-07,SKU-F006,PLN-124,422.49
2026-03-07,SKU-F006,PLN-132,376.88
2026-03-07,SKU-F006,PLN-136,271.92
2026-03-07,SKU-F007,PLN-020,933.76
2026-03-07,SKU-F007,PLN-024,553.01
2026-03-07,SKU-F007,PLN-048,569.66
2026-03-07,SKU-F007,PLN-050,576.49
2026-03-07,SKU-F007,PLN-078,312.67
2026-03-07,SKU-F007,PLN-092,273.52
2026-03-07,SKU-F007,PLN-106,479.71
2026-03-07,SKU-F007,PLN-115,201.76
2026-03-07,SKU-F007,PLN-118,732.47
2026-03-07,SKU-F007,PLN-124,424.1
2026-03-07,SKU-F007,PLN-132,462.98
2026-03-07,SKU-F007,PLN-136,226.59
2026-03-07,SKU-F008,PLN-020,343.57
2026-03-07,SKU-F008,PLN-024,194.87
2026-03-07,SKU-F008,PLN-048,205.2
2026-03-07,SKU-F008,PLN-050,199.45
2026-03-07,SKU-F008,PLN-078,89.29
2026-03-07,SKU-F008,PLN-092,84.86
2026-03-07,SKU-F008,PLN-106,113.27
2026-03-07,SKU-F008,PLN-115,74.6
2026-03-07,SKU-F008,PLN-118,210.24
2026-03-07,SKU-F008,PLN-124,134.25
2026-03-07,SKU-F008,PLN-132,106.74
2026-03-07,SKU-F008,PLN-136,83.66
2026-03-07,SKU-F009,PLN-020,505.42
2026-03-07,SKU-F009,PLN-024,306.63
2026-03-07,SKU-F009,PLN-048,230.51
2026-03-07,SKU-F009,PLN-050,335.69
2026-03-07,SKU-F009,PLN-078,120.27
2026-03-07,SKU-F009,PLN-092,136.93
2026-03-07,SKU-F009,PLN-106,227.25
2026-03-07,SKU-F009,PLN-115,146.4
2026-03-07,SKU-F009,PLN-118,346.57
2026-03-07,SKU-F009,PLN-124,224.8
2026-03-07,SKU-F009,PLN-132,214.11
2026-03-07,SKU-F009,PLN-136,100.35
2026-03-07,SKU-F011,PLN-020,459.18
2026-03-07,SKU-F011,PLN-024,272.32
2026-03-07,SKU-F011,PLN-048,238.66
2026-03-07,SKU-F011,PLN-050,287.62
2026-03-07,SKU-F011,PLN-078,120.1
2026-03-07,SKU-F011,PLN-092,124.53
2026-03-07,SKU-F011,PLN-106,217.99
2026-03-07,SKU-F011,PLN-115,80.49
2026-03-07,SKU-F011,PLN-118,282.06
2026-03-07,SKU-F011,PLN-124,179.24
2026-03-07,SKU-F011,PLN-132,148.1
2026-03-07,SKU-F011,PLN-136,89.58
2026-03-07,SKU-F012,PLN-020,341.04
2026-03-07,SKU-F012,PLN-024,166.65
2026-03-07,SKU-F012,PLN-048,160.79
2026-03-07,SKU-F012,PLN-050,156.36
2026-03-07,SKU-F012,PLN-078,76.67
2026-03-07,SKU-F012,PLN-092,75.99
2026-03-07,SKU-F012,PLN-106,139.6
2026-03-07,SKU-F012,PLN-115,71.43
2026-03-07,SKU-F012,PLN-118,205.65
2026-03-07,SKU-F012,PLN-124,108.57
2026-03-07,SKU-F012,PLN-132,106.35
2026-03-07,SKU-F012,PLN-136,73.67
2026-03-09,SKU-F001,PLN-020,406.39
2026-03-09,SKU-F001,PLN-024,236.13
2026-03-09,SKU-F001,PLN-048,191.04
2026-03-09,SKU-F001,PLN-050,216.19
2026-03-09,SKU-F001,PLN-078,103.21
2026-03-09,SKU-F001,PLN-092,102.02
2026-03-09,SKU-F001,PLN-106,197.22
2026-03-09,SKU-F001,PLN-115,61.86
2026-03-09,SKU-F001,PLN-118,233.97
2026-03-09,SKU-F001,PLN-124,129.36
2026-03-09,SKU-F001,PLN-132,132.97
2026-03-09,SKU-F001,PLN-136,79.8
2026-03-09,SKU-F002,PLN-020,684.48
2026-03-09,SKU-F002,PLN-024,278.48
2026-03-09,SKU-F002,PLN-048,335.58
2026-03-09,SKU-F002,PLN-050,342.03
2026-03-09,SKU-F002,PLN-078,179.29
2026-03-09,SKU-F002,PLN-092,137.73
2026-03-09,SKU-F002,PLN-106,255.04
2026-03-09,SKU-F002,PLN-115,125.52
2026-03-09,SKU-F002,PLN-118,405.48
2026-03-09,SKU-F002,PLN-124,251.23
2026-03-09,SKU-F002,PLN-132,226.91
2026-03-09,SKU-F002,PLN-136,154.87
2026-03-09,SKU-F003,PLN-020,686.18
2026-03-09,SKU-F003,PLN-024,340.64
2026-03-09,SKU-F003,PLN-048,356.15
2026-03-09,SKU-F003,PLN-050,373.45
2026-03-09,SKU-F003,PLN-078,193.07
2026-03-09,SKU-F003,PLN-092,199.0
2026-03-09,SKU-F003,PLN-106,286.04
2026-03-09,SKU-F003,PLN-115,133.92
2026-03-09,SKU-F003,PLN-118,393.17
2026-03-09,SKU-F003,PLN-124,273.93
2026-03-09,SKU-F003,PLN-132,215.43
2026-03-09,SKU-F003,PLN-136,114.89
2026-03-09,SKU-F005,PLN-020,660.02
2026-03-09,SKU-F005,PLN-024,324.56
2026-03-09,SKU-F005,PLN-048,300.99
2026-03-09,SKU-F005,PLN-050,322.72
2026-03-09,SKU-F005,PLN-078,149.82
2026-03-09,SKU-F005,PLN-092,133.56
2026-03-09,SKU-F005,PLN-106,247.22
2026-03-09,SKU-F005,PLN-115,122.62
2026-03-09,SKU-F005,PLN-118,388.91
2026-03-09,SKU-F005,PLN-124,270.92
2026-03-09,SKU-F005,PLN-132,251.86
2026-03-09,SKU-F005,PLN-136,115.98
2026-03-09,SKU-F006,PLN-020,969.25
2026-03-09,SKU-F006,PLN-024,462.37
2026-03-09,SKU-F006,PLN-048,401.43
2026-03-09,SKU-F006,PLN-050,399.78
2026-03-09,SKU-F006,PLN-078,249.47
2026-03-09,SKU-F006,PLN-092,215.69
2026-03-09,SKU-F006,PLN-106,425.6
2026-03-09,SKU-F006,PLN-115,162.67
2026-03-09,SKU-F006,PLN-118,523.93
2026-03-09,SKU-F006,PLN-124,266.22
2026-03-09,SKU-F006,PLN-132,233.71
2026-03-09,SKU-F006,PLN-136,162.57
2026-03-09,SKU-F007,PLN-020,757.68
2026-03-09,SKU-F007,PLN-024,315.12
2026-03-09,SKU-F007,PLN-048,354.59
2026-03-09,SKU-F007,PLN-050,379.01
2026-03-09,SKU-F007,PLN-078,177.82
2026-03-09,SKU-F007,PLN-092,169.18
2026-03-09,SKU-F007,PLN-106,294.22
2026-03-09,SKU-F007,PLN-115,125.37
2026-03-09,SKU-F007,PLN-118,498.77
2026-03-09,SKU-F007,PLN-124,252.53
2026-03-09,SKU-F007,PLN-132,300.6
2026-03-09,SKU-F007,PLN-136,136.0
2026-03-09,SKU-F008,PLN-020,204.17
2026-03-09,SKU-F008,PLN-024,112.12
2026-03-09,SKU-F008,PLN-048,119.64
2026-03-09,SKU-F008,PLN-050,135.6
2026-03-09,SKU-F008,PLN-078,58.03
2026-03-09,SKU-F008,PLN-092,48.68
2026-03-09,SKU-F008,PLN-106,66.43
2026-03-09,SKU-F008,PLN-115,41.2
2026-03-09,SKU-F008,PLN-118,115.19
2026-03-09,SKU-F008,PLN-124,78.81
2026-03-09,SKU-F008,PLN-132,60.94
2026-03-09,SKU-F008,PLN-136,46.65
2026-03-09,SKU-F009,PLN-020,296.43
2026-03-09,SKU-F009,PLN-024,172.33
2026-03-09,SKU-F009,PLN-048,131.94
2026-03-09,SKU-F009,PLN-050,168.84
2026-03-09,SKU-F009,PLN-078,87.72
2026-03-09,SKU-F009,PLN-092,76.99
2026-03-09,SKU-F009,PLN-106,131.81
2026-03-09,SKU-F009,PLN-115,86.01
2026-03-09,SKU-F009,PLN-118,214.47
2026-03-09,SKU-F009,PLN-124,134.16
2026-03-09,SKU-F009,PLN-132,135.12
2026-03-09,SKU-F009,PLN-136,61.98
2026-03-09,SKU-F011,PLN-020,248.32
2026-03-09,SKU-F011,PLN-024,154.64
2026-03-09,SKU-F011,PLN-048,132.99
2026-03-09,SKU-F011,PLN-050,156.69
2026-03-09,SKU-F011,PLN-078,68.01
2026-03-09,SKU-F011,PLN-092,68.58
2026-03-09,SKU-F011,PLN-106,119.29
2026-03-09,SKU-F011,PLN-115,48.9
2026-03-09,SKU-F011,PLN-118,161.0
2026-03-09,SKU-F011,PLN-124,102.18
2026-03-09,SKU-F011,PLN-132,94.78
2026-03-09,SKU-F011,PLN-136,53.73
2026-03-09,SKU-F012,PLN-020,197.76
2026-03-09,SKU-F012,PLN-024,93.88
2026-03-09,SKU-F012,PLN-048,87.54
2026-03-09,SKU-F012,PLN-050,90.82
2026-03-09,SKU-F012,PLN-078,44.81
2026-03-09,SKU-F012,PLN-092,41.93
2026-03-09,SKU-F012,PLN-106,88.6
2026-03-09,SKU-F012,PLN-115,36.93
2026-03-09,SKU-F012,PLN-118,118.95
2026-03-09,SKU-F012,PLN-124,66.39
2026-03-09,SKU-F012,PLN-132,59.33
2026-03-09,SKU-F012,PLN-136,36.75
2026-03-10,SKU-F001,PLN-020,408.92
2026-03-10,SKU-F001,PLN-024,244.71
2026-03-10,SKU-F001,PLN-048,174.23
2026-03-10,SKU-F001,PLN-050,223.95
2026-03-10,SKU-F001,PLN-078,108.0
2026-03-10,SKU-F001,PLN-092,105.47
2026-03-10,SKU-F001,PLN-106,197.71
2026-03-10,SKU-F001,PLN-115,64.01
2026-03-10,SKU-F001,PLN-118,247.8
2026-03-10,SKU-F001,PLN-124,131.83
2026-03-10,SKU-F001,PLN-132,135.12
2026-03-10,SKU-F001,PLN-136,81.79
2026-03-10,SKU-F002,PLN-020,629.3
2026-03-10,SKU-F002,PLN-024,295.54
2026-03-10,SKU-F002,PLN-048,321.73
2026-03-10,SKU-F002,PLN-050,337.17
2026-03-10,SKU-F002,PLN-078,185.31
2026-03-10,SKU-F002,PLN-092,140.91
2026-03-10,SKU-F002,PLN-106,262.94
2026-03-10,SKU-F002,PLN-115,128.64
2026-03-10,SKU-F002,PLN-118,448.3
2026-03-10,SKU-F002,PLN-124,257.24
2026-03-10,SKU-F002,PLN-132,234.6
2026-03-10,SKU-F002,PLN-136,158.57
2026-03-10,SKU-F003,PLN-020,726.3
2026-03-10,SKU-F003,PLN-024,342.48
2026-03-10,SKU-F003,PLN-048,352.37
2026-03-10,SKU-F003,PLN-050,360.73
2026-03-10,SKU-F003,PLN-078,209.04
2026-03-10,SKU-F003,PLN-092,203.39
2026-03-10,SKU-F003,PLN-106,276.53
2026-03-10,SKU-F003,PLN-115,126.13
2026-03-10,SKU-F003,PLN-118,393.97
2026-03-10,SKU-F003,PLN-124,260.49
2026-03-10,SKU-F003,PLN-132,232.14
2026-03-10,SKU-F003,PLN-136,121.24
2026-03-10,SKU-F005,PLN-020,731.13
2026-03-10,SKU-F005,PLN-024,355.85
2026-03-10,SKU-F005,PLN-048,354.45
2026-03-10,SKU-F005,PLN-050,326.85
2026-03-10,SKU-F005,PLN-078,160.58
2026-03-10,SKU-F005,PLN-092,132.07
2026-03-10,SKU-F005,PLN-106,274.82
2026-03-10,SKU-F005,PLN-115,123.27
2026-03-10,SKU-F005,PLN-118,373.56
2026-03-10,SKU-F005,PLN-124,271.38
2026-03-10,SKU-F005,PLN-132,263.74
2026-03-10,SKU-F005,PLN-136,117.6
2026-03-10,SKU-F006,PLN-020,770.98
2026-03-10,SKU-F006,PLN-024,444.76
2026-03-10,SKU-F006,PLN-048,402.53
2026-03-10,SKU-F006,PLN-050,391.88
2026-03-10,SKU-F006,PLN-078,243.96
2026-03-10,SKU-F006,PLN-092,224.35
2026-03-10,SKU-F006,PLN-106,382.07
2026-03-10,SKU-F006,PLN-115,167.85
2026-03-10,SKU-F006,PLN-118,550.19
2026-03-10,SKU-F006,PLN-124,264.51
2026-03-10,SKU-F006,PLN-132,240.19
2026-03-10,SKU-F006,PLN-136,171.75
2026-03-10,SKU-F007,PLN-020,686.47
2026-03-10,SKU-F007,PLN-024,371.95
2026-03-10,SKU-F007,PLN-048,386.65
2026-03-10,SKU-F007,PLN-050,364.5
2026-03-10,SKU-F007,PLN-078,182.02
2026-03-10,SKU-F007,PLN-092,170.19
2026-03-10,SKU-F007,PLN-106,332.83
2026-03-10,SKU-F007,PLN-115,131.36
2026-03-10,SKU-F007,PLN-118,447.13
2026-03-10,SKU-F007,PLN-124,259.28
2026-03-10,SKU-F007,PLN-132,276.21
2026-03-10,SKU-F007,PLN-136,138.94
2026-03-10,SKU-F008,PLN-020,215.36
2026-03-10,SKU-F008,PLN-024,114.35
2026-03-10,SKU-F008,PLN-048,120.37
2026-03-10,SKU-F008,PLN-050,148.41
2026-03-10,SKU-F008,PLN-078,55.7
2026-03-10,SKU-F008,PLN-092,48.91
2026-03-10,SKU-F008,PLN-106,64.19
2026-03-10,SKU-F008,PLN-115,42.65
2026-03-10,SKU-F008,PLN-118,122.62
2026-03-10,SKU-F008,PLN-124,77.88
2026-03-10,SKU-F008,PLN-132,67.49
2026-03-10,SKU-F008,PLN-136,48.1
2026-03-10,SKU-F009,PLN-020,322.32
2026-03-10,SKU-F009,PLN-024,197.19
2026-03-10,SKU-F009,PLN-048,126.41
2026-03-10,SKU-F009,PLN-050,175.13
2026-03-10,SKU-F009,PLN-078,88.95
2026-03-10,SKU-F009,PLN-092,78.83
2026-03-10,SKU-F009,PLN-106,137.88
2026-03-10,SKU-F009,PLN-115,86.92
2026-03-10,SKU-F009,PLN-118,224.09
2026-03-10,SKU-F009,PLN-124,138.17
2026-03-10,SKU-F009,PLN-132,143.19
2026-03-10,SKU-F009,PLN-136,64.11
2026-03-10,SKU-F011,PLN-020,244.99
2026-03-10,SKU-F011,PLN-024,156.53
2026-03-10,SKU-F011,PLN-048,133.39
2026-03-10,SKU-F011,PLN-050,160.49
2026-03-10,SKU-F011,PLN-078,69.4
2026-03-10,SKU-F011,PLN-092,69.38
2026-03-10,SKU-F011,PLN-106,125.19
2026-03-10,SKU-F011,PLN-115,49.9
2026-03-10,SKU-F011,PLN-118,181.93
2026-03-10,SKU-F011,PLN-124,106.55
2026-03-10,SKU-F011,PLN-132,96.13
2026-03-10,SKU-F011,PLN-136,55.5
2026-03-10,SKU-F012,PLN-020,202.51
2026-03-10,SKU-F012,PLN-024,94.21
2026-03-10,SKU-F012,PLN-048,95.37
2026-03-10,SKU-F012,PLN-050,93.79
2026-03-10,SKU-F012,PLN-078,43.38
2026-03-10,SKU-F012,PLN-092,43.38
2026-03-10,SKU-F012,PLN-106,87.16
2026-03-10,SKU-F012,PLN-115,38.38
2026-03-10,SKU-F012,PLN-118,118.54
2026-03-10,SKU-F012,PLN-124,67.26
2026-03-10,SKU-F012,PLN-132,62.85
2026-03-10,SKU-F012,PLN-136,38.2
2026-03-11,SKU-F001,PLN-020,447.32
2026-03-11,SKU-F001,PLN-024,263.85
2026-03-11,SKU-F001,PLN-048,178.24
2026-03-11,SKU-F001,PLN-050,229.69
2026-03-11,SKU-F001,PLN-078,113.55
2026-03-11,SKU-F001,PLN-092,109.13
2026-03-11,SKU-F001,PLN-106,216.1
2026-03-11,SKU-F001,PLN-115,69.43
2026-03-11,SKU-F001,PLN-118,252.2
2026-03-11,SKU-F001,PLN-124,138.36
2026-03-11,SKU-F001,PLN-132,135.0
2026-03-11,SKU-F001,PLN-136,85.72
2026-03-11,SKU-F002,PLN-020,623.35
2026-03-11,SKU-F002,PLN-024,291.66
2026-03-11,SKU-F002,PLN-048,370.67
2026-03-11,SKU-F002,PLN-050,344.85
2026-03-11,SKU-F002,PLN-078,186.09
2026-03-11,SKU-F002,PLN-092,141.91
2026-03-11,SKU-F002,PLN-106,263.02
2026-03-11,SKU-F002,PLN-115,140.41
2026-03-11,SKU-F002,PLN-118,452.21
2026-03-11,SKU-F002,PLN-124,260.31
2026-03-11,SKU-F002,PLN-132,237.33
2026-03-11,SKU-F002,PLN-136,160.12
2026-03-11,SKU-F003,PLN-020,707.38
2026-03-11,SKU-F003,PLN-024,356.9
2026-03-11,SKU-F003,PLN-048,347.55
2026-03-11,SKU-F003,PLN-050,356.91
2026-03-11,SKU-F003,PLN-078,207.12
2026-03-11,SKU-F003,PLN-092,208.17
2026-03-11,SKU-F003,PLN-106,298.92
2026-03-11,SKU-F003,PLN-115,129.91
2026-03-11,SKU-F003,PLN-118,379.25
2026-03-11,SKU-F003,PLN-124,269.21
2026-03-11,SKU-F003,PLN-132,227.07
2026-03-11,SKU-F003,PLN-136,124.32
2026-03-11,SKU-F005,PLN-020,841.85
2026-03-11,SKU-F005,PLN-024,345.97
2026-03-11,SKU-F005,PLN-048,349.72
2026-03-11,SKU-F005,PLN-050,319.27
2026-03-11,SKU-F005,PLN-078,162.6
2026-03-11,SKU-F005,PLN-092,146.79
2026-03-11,SKU-F005,PLN-106,281.0
2026-03-11,SKU-F005,PLN-115,128.77
2026-03-11,SKU-F005,PLN-118,434.86
2026-03-11,SKU-F005,PLN-124,287.5
2026-03-11,SKU-F005,PLN-132,259.27
2026-03-11,SKU-F005,PLN-136,120.84
2026-03-11,SKU-F006,PLN-020,963.01
2026-03-11,SKU-F006,PLN-024,416.54
2026-03-11,SKU-F006,PLN-048,412.37
2026-03-11,SKU-F006,PLN-050,394.55
2026-03-11,SKU-F006,PLN-078,226.42
2026-03-11,SKU-F006,PLN-092,230.78
2026-03-11,SKU-F006,PLN-106,433.77
2026-03-11,SKU-F006,PLN-115,164.05
2026-03-11,SKU-F006,PLN-118,565.82
2026-03-11,SKU-F006,PLN-124,265.04
2026-03-11,SKU-F006,PLN-132,249.89
2026-03-11,SKU-F006,PLN-136,168.09
2026-03-11,SKU-F007,PLN-020,774.67
2026-03-11,SKU-F007,PLN-024,357.11
2026-03-11,SKU-F007,PLN-048,411.43
2026-03-11,SKU-F007,PLN-050,353.9
2026-03-11,SKU-F007,PLN-078,200.08
2026-03-11,SKU-F007,PLN-092,170.98
2026-03-11,SKU-F007,PLN-106,318.39
2026-03-11,SKU-F007,PLN-115,136.15
2026-03-11,SKU-F007,PLN-118,523.35
2026-03-11,SKU-F007,PLN-124,265.19
2026-03-11,SKU-F007,PLN-132,283.56
2026-03-11,SKU-F007,PLN-136,135.12
2026-03-11,SKU-F008,PLN-020,217.94
2026-03-11,SKU-F008,PLN-024,120.5
2026-03-11,SKU-F008,PLN-048,124.62
2026-03-11,SKU-F008,PLN-050,148.56
2026-03-11,SKU-F008,PLN-078,57.41
2026-03-11,SKU-F008,PLN-092,52.14
2026-03-11,SKU-F008,PLN-106,67.63
2026-03-11,SKU-F008,PLN-115,44.66
2026-03-11,SKU-F008,PLN-118,125.22
2026-03-11,SKU-F008,PLN-124,85.65
2026-03-11,SKU-F008,PLN-132,71.4
2026-03-11,SKU-F008,PLN-136,49.73
2026-03-11,SKU-F009,PLN-020,318.91
2026-03-11,SKU-F009,PLN-024,209.38
2026-03-11,SKU-F009,PLN-048,140.87
2026-03-11,SKU-F009,PLN-050,190.21
2026-03-11,SKU-F009,PLN-078,92.73
2026-03-11,SKU-F009,PLN-092,80.41
2026-03-11,SKU-F009,PLN-106,131.44
2026-03-11,SKU-F009,PLN-115,89.49
2026-03-11,SKU-F009,PLN-118,217.55
2026-03-11,SKU-F009,PLN-124,140.89
2026-03-11,SKU-F009,PLN-132,163.97
2026-03-11,SKU-F009,PLN-136,68.03
2026-03-11,SKU-F011,PLN-020,270.76
2026-03-11,SKU-F011,PLN-024,160.04
2026-03-11,SKU-F011,PLN-048,138.28
2026-03-11,SKU-F011,PLN-050,154.34
2026-03-11,SKU-F011,PLN-078,73.4
2026-03-11,SKU-F011,PLN-092,70.52
2026-03-11,SKU-F011,PLN-106,129.84
2026-03-11,SKU-F011,PLN-115,52.27
2026-03-11,SKU-F011,PLN-118,183.14
2026-03-11,SKU-F011,PLN-124,108.98
2026-03-11,SKU-F011,PLN-132,96.48
2026-03-11,SKU-F011,PLN-136,53.66
2026-03-11,SKU-F012,PLN-020,201.71
2026-03-11,SKU-F012,PLN-024,100.0
2026-03-11,SKU-F012,PLN-048,96.53
2026-03-11,SKU-F012,PLN-050,98.54
2026-03-11,SKU-F012,PLN-078,45.98
2026-03-11,SKU-F012,PLN-092,45.39
2026-03-11,SKU-F012,PLN-106,87.73
2026-03-11,SKU-F012,PLN-115,40.39
2026-03-11,SKU-F012,PLN-118,118.74
2026-03-11,SKU-F012,PLN-124,67.48
2026-03-11,SKU-F012,PLN-132,63.97
2026-03-11,SKU-F012,PLN-136,39.83
2026-03-12,SKU-F001,PLN-020,440.18
2026-03-12,SKU-F001,PLN-024,273.65
2026-03-12,SKU-F001,PLN-048,191.67
2026-03-12,SKU-F001,PLN-050,242.49
2026-03-12,SKU-F001,PLN-078,112.97
2026-03-12,SKU-F001,PLN-092,113.14
2026-03-12,SKU-F001,PLN-106,241.99
2026-03-12,SKU-F001,PLN-115,69.52
2026-03-12,SKU-F001,PLN-118,261.49
2026-03-12,SKU-F001,PLN-124,139.11
2026-03-12,SKU-F001,PLN-132,141.25
2026-03-12,SKU-F001,PLN-136,90.91
2026-03-12,SKU-F002,PLN-020,580.71
2026-03-12,SKU-F002,PLN-024,313.12
2026-03-12,SKU-F002,PLN-048,332.26
2026-03-12,SKU-F002,PLN-050,348.75
2026-03-12,SKU-F002,PLN-078,190.52
2026-03-12,SKU-F002,PLN-092,147.66
2026-03-12,SKU-F002,PLN-106,268.9
2026-03-12,SKU-F002,PLN-115,135.49
2026-03-12,SKU-F002,PLN-118,473.85
2026-03-12,SKU-F002,PLN-124,276.4
2026-03-12,SKU-F002,PLN-132,272.23
2026-03-12,SKU-F002,PLN-136,165.77
2026-03-12,SKU-F003,PLN-020,728.06
2026-03-12,SKU-F003,PLN-024,374.63
2026-03-12,SKU-F003,PLN-048,371.17
2026-03-12,SKU-F003,PLN-050,447.47
2026-03-12,SKU-F003,PLN-078,213.66
2026-03-12,SKU-F003,PLN-092,218.09
2026-03-12,SKU-F003,PLN-106,319.81
2026-03-12,SKU-F003,PLN-115,139.93
2026-03-12,SKU-F003,PLN-118,411.35
2026-03-12,SKU-F003,PLN-124,278.08
2026-03-12,SKU-F003,PLN-132,258.09
2026-03-12,SKU-F003,PLN-136,130.48
2026-03-12,SKU-F005,PLN-020,888.58
2026-03-12,SKU-F005,PLN-024,357.66
2026-03-12,SKU-F005,PLN-048,355.5
2026-03-12,SKU-F005,PLN-050,347.15
2026-03-12,SKU-F005,PLN-078,152.97
2026-03-12,SKU-F005,PLN-092,155.67
2026-03-12,SKU-F005,PLN-106,291.61
2026-03-12,SKU-F005,PLN-115,135.63
2026-03-12,SKU-F005,PLN-118,413.13
2026-03-12,SKU-F005,PLN-124,287.93
2026-03-12,SKU-F005,PLN-132,276.27
2026-03-12,SKU-F005,PLN-136,123.47
2026-03-12,SKU-F006,PLN-020,957.24
2026-03-12,SKU-F006,PLN-024,404.55
2026-03-12,SKU-F006,PLN-048,410.26
2026-03-12,SKU-F006,PLN-050,417.4
2026-03-12,SKU-F006,PLN-078,245.05
2026-03-12,SKU-F006,PLN-092,220.38
2026-03-12,SKU-F006,PLN-106,440.31
2026-03-12,SKU-F006,PLN-115,165.37
2026-03-12,SKU-F006,PLN-118,609.81
2026-03-12,SKU-F006,PLN-124,289.03
2026-03-12,SKU-F006,PLN-132,260.91
2026-03-12,SKU-F006,PLN-136,184.53
2026-03-12,SKU-F007,PLN-020,593.08
2026-03-12,SKU-F007,PLN-024,363.05
2026-03-12,SKU-F007,PLN-048,366.96
2026-03-12,SKU-F007,PLN-050,370.54
2026-03-12,SKU-F007,PLN-078,213.61
2026-03-12,SKU-F007,PLN-092,183.89
2026-03-12,SKU-F007,PLN-106,335.44
2026-03-12,SKU-F007,PLN-115,144.27
2026-03-12,SKU-F007,PLN-118,506.57
2026-03-12,SKU-F007,PLN-124,276.53
2026-03-12,SKU-F007,PLN-132,310.91
2026-03-12,SKU-F007,PLN-136,142.27
2026-03-12,SKU-F008,PLN-020,242.72
2026-03-12,SKU-F008,PLN-024,124.94
2026-03-12,SKU-F008,PLN-048,129.55
2026-03-12,SKU-F008,PLN-050,150.89
2026-03-12,SKU-F008,PLN-078,63.08
2026-03-12,SKU-F008,PLN-092,55.97
2026-03-12,SKU-F008,PLN-106,73.4
2026-03-12,SKU-F008,PLN-115,46.66
2026-03-12,SKU-F008,PLN-118,128.6
2026-03-12,SKU-F008,PLN-124,91.43
2026-03-12,SKU-F008,PLN-132,77.51
2026-03-12,SKU-F008,PLN-136,52.24
2026-03-12,SKU-F009,PLN-020,321.07
2026-03-12,SKU-F009,PLN-024,197.91
2026-03-12,SKU-F009,PLN-048,146.24
2026-03-12,SKU-F009,PLN-050,188.36
2026-03-12,SKU-F009,PLN-078,89.73
2026-03-12,SKU-F009,PLN-092,81.61
2026-03-12,SKU-F009,PLN-106,137.89
2026-03-12,SKU-F009,PLN-115,94.98
2026-03-12,SKU-F009,PLN-118,234.09
2026-03-12,SKU-F009,PLN-124,148.34
2026-03-12,SKU-F009,PLN-132,167.72
2026-03-12,SKU-F009,PLN-136,64.96
2026-03-12,SKU-F011,PLN-020,269.14
2026-03-12,SKU-F011,PLN-024,164.78
2026-03-12,SKU-F011,PLN-048,137.87
2026-03-12,SKU-F011,PLN-050,162.95
2026-03-12,SKU-F011,PLN-078,75.56
2026-03-12,SKU-F011,PLN-092,74.17
2026-03-12,SKU-F011,PLN-106,133.45
2026-03-12,SKU-F011,PLN-115,53.25
2026-03-12,SKU-F011,PLN-118,194.66
2026-03-12,SKU-F011,PLN-124,111.01
2026-03-12,SKU-F011,PLN-132,101.9
2026-03-12,SKU-F011,PLN-136,55.09
2026-03-12,SKU-F012,PLN-020,226.9
2026-03-12,SKU-F012,PLN-024,107.13
2026-03-12,SKU-F012,PLN-048,101.44
2026-03-12,SKU-F012,PLN-050,105.74
2026-03-12,SKU-F012,PLN-078,46.73
2026-03-12,SKU-F012,PLN-092,49.72
2026-03-12,SKU-F012,PLN-106,93.58
2026-03-12,SKU-F012,PLN-115,42.99
2026-03-12,SKU-F012,PLN-118,125.9
2026-03-12,SKU-F012,PLN-124,71.48
2026-03-12,SKU-F012,PLN-132,71.03
2026-03-12,SKU-F012,PLN-136,42.43
2026-03-13,SKU-F001,PLN-020,854.99
2026-03-13,SKU-F001,PLN-024,381.12
2026-03-13,SKU-F001,PLN-048,283.09
2026-03-13,SKU-F001,PLN-050,356.21
2026-03-13,SKU-F001,PLN-078,174.23
2026-03-13,SKU-F001,PLN-092,167.85
2026-03-13,SKU-F001,PLN-106,348.19
2026-03-13,SKU-F001,PLN-115,100.77
2026-03-13,SKU-F001,PLN-118,382.92
2026-03-13,SKU-F001,PLN-124,205.85
2026-03-13,SKU-F001,PLN-132,210.94
2026-03-13,SKU-F001,PLN-136,130.62
2026-03-13,SKU-F002,PLN-020,996.38
2026-03-13,SKU-F002,PLN-024,430.15
2026-03-13,SKU-F002,PLN-048,486.58
2026-03-13,SKU-F002,PLN-050,561.57
2026-03-13,SKU-F002,PLN-078,272.07
2026-03-13,SKU-F002,PLN-092,215.97
2026-03-13,SKU-F002,PLN-106,382.23
2026-03-13,SKU-F002,PLN-115,186.67
2026-03-13,SKU-F002,PLN-118,676.28
2026-03-13,SKU-F002,PLN-124,423.41
2026-03-13,SKU-F002,PLN-132,342.48
2026-03-13,SKU-F002,PLN-136,231.08
2026-03-13,SKU-F003,PLN-020,902.26
2026-03-13,SKU-F003,PLN-024,518.18
2026-03-13,SKU-F003,PLN-048,543.96
2026-03-13,SKU-F003,PLN-050,564.23
2026-03-13,SKU-F003,PLN-078,296.57
2026-03-13,SKU-F003,PLN-092,293.78
2026-03-13,SKU-F003,PLN-106,426.08
2026-03-13,SKU-F003,PLN-115,206.8
2026-03-13,SKU-F003,PLN-118,599.39
2026-03-13,SKU-F003,PLN-124,374.95
2026-03-13,SKU-F003,PLN-132,338.0
2026-03-13,SKU-F003,PLN-136,190.63
2026-03-13,SKU-F005,PLN-020,1261.26
2026-03-13,SKU-F005,PLN-024,556.72
2026-03-13,SKU-F005,PLN-048,542.8
2026-03-13,SKU-F005,PLN-050,463.78
2026-03-13,SKU-F005,PLN-078,240.14
2026-03-13,SKU-F005,PLN-092,216.72
2026-03-13,SKU-F005,PLN-106,409.32
2026-03-13,SKU-F005,PLN-115,198.53
2026-03-13,SKU-F005,PLN-118,614.94
2026-03-13,SKU-F005,PLN-124,419.76
2026-03-13,SKU-F005,PLN-132,383.1
2026-03-13,SKU-F005,PLN-136,169.78
2026-03-13,SKU-F006,PLN-020,889.74
2026-03-13,SKU-F006,PLN-024,578.9
2026-03-13,SKU-F006,PLN-048,586.63
2026-03-13,SKU-F006,PLN-050,568.64
2026-03-13,SKU-F006,PLN-078,347.09
2026-03-13,SKU-F006,PLN-092,327.72
2026-03-13,SKU-F006,PLN-106,623.43
2026-03-13,SKU-F006,PLN-115,227.69
2026-03-13,SKU-F006,PLN-118,768.28
2026-03-13,SKU-F006,PLN-124,408.33
2026-03-13,SKU-F006,PLN-132,402.13
2026-03-13,SKU-F006,PLN-136,241.09
2026-03-13,SKU-F007,PLN-020,816.48
2026-03-13,SKU-F007,PLN-024,631.33
2026-03-13,SKU-F007,PLN-048,559.4
2026-03-13,SKU-F007,PLN-050,527.54
2026-03-13,SKU-F007,PLN-078,308.35
2026-03-13,SKU-F007,PLN-092,258.16
2026-03-13,SKU-F007,PLN-106,466.02
2026-03-13,SKU-F007,PLN-115,210.33
2026-03-13,SKU-F007,PLN-118,746.2
2026-03-13,SKU-F007,PLN-124,379.02
2026-03-13,SKU-F007,PLN-132,440.64
2026-03-13,SKU-F007,PLN-136,205.04
2026-03-13,SKU-F008,PLN-020,318.82
2026-03-13,SKU-F008,PLN-024,187.05
2026-03-13,SKU-F008,PLN-048,196.19
2026-03-13,SKU-F008,PLN-050,209.96
2026-03-13,SKU-F008,PLN-078,84.37
2026-03-13,SKU-F008,PLN-092,77.72
2026-03-13,SKU-F008,PLN-106,109.41
2026-03-13,SKU-F008,PLN-115,67.01
2026-03-13,SKU-F008,PLN-118,188.15
2026-03-13,SKU-F008,PLN-124,133.27
2026-03-13,SKU-F008,PLN-132,115.76
2026-03-13,SKU-F008,PLN-136,73.1
2026-03-13,SKU-F009,PLN-020,500.51
2026-03-13,SKU-F009,PLN-024,285.94
2026-03-13,SKU-F009,PLN-048,211.44
2026-03-13,SKU-F009,PLN-050,283.82
2026-03-13,SKU-F009,PLN-078,128.73
2026-03-13,SKU-F009,PLN-092,120.39
2026-03-13,SKU-F009,PLN-106,196.36
2026-03-13,SKU-F009,PLN-115,137.78
2026-03-13,SKU-F009,PLN-118,317.27
2026-03-13,SKU-F009,PLN-124,191.45
2026-03-13,SKU-F009,PLN-132,237.09
2026-03-13,SKU-F009,PLN-136,102.48
2026-03-13,SKU-F011,PLN-020,396.71
2026-03-13,SKU-F011,PLN-024,245.19
2026-03-13,SKU-F011,PLN-048,209.27
2026-03-13,SKU-F011,PLN-050,238.3
2026-03-13,SKU-F011,PLN-078,115.35
2026-03-13,SKU-F011,PLN-092,104.85
2026-03-13,SKU-F011,PLN-106,199.78
2026-03-13,SKU-F011,PLN-115,76.72
2026-03-13,SKU-F011,PLN-118,274.59
2026-03-13,SKU-F011,PLN-124,162.79
2026-03-13,SKU-F011,PLN-132,151.08
2026-03-13,SKU-F011,PLN-136,80.94
2026-03-13,SKU-F012,PLN-020,308.45
2026-03-13,SKU-F012,PLN-024,156.93
2026-03-13,SKU-F012,PLN-048,152.0
2026-03-13,SKU-F012,PLN-050,159.81
2026-03-13,SKU-F012,PLN-078,70.1
2026-03-13,SKU-F012,PLN-092,75.02
2026-03-13,SKU-F012,PLN-106,136.01
2026-03-13,SKU-F012,PLN-115,67.01
2026-03-13,SKU-F012,PLN-118,187.56
2026-03-13,SKU-F012,PLN-124,111.12
2026-03-13,SKU-F012,PLN-132,103.47
2026-03-13,SKU-F012,PLN-136,64.1
2026-03-14,SKU-F001,PLN-020,900.39
2026-03-14,SKU-F001,PLN-024,458.78
2026-03-14,SKU-F001,PLN-048,298.78
2026-03-14,SKU-F001,PLN-050,410.98
2026-03-14,SKU-F001,PLN-078,183.44
2026-03-14,SKU-F001,PLN-092,168.91
2026-03-14,SKU-F001,PLN-106,391.87
2026-03-14,SKU-F001,PLN-115,106.42
2026-03-14,SKU-F001,PLN-118,446.31
2026-03-14,SKU-F001,PLN-124,226.82
2026-03-14,SKU-F001,PLN-132,238.02
2026-03-14,SKU-F001,PLN-136,136.7
2026-03-14,SKU-F002,PLN-020,983.54
2026-03-14,SKU-F002,PLN-024,479.51
2026-03-14,SKU-F002,PLN-048,553.39
2026-03-14,SKU-F002,PLN-050,534.35
2026-03-14,SKU-F002,PLN-078,311.79
2026-03-14,SKU-F002,PLN-092,235.37
2026-03-14,SKU-F002,PLN-106,414.51
2026-03-14,SKU-F002,PLN-115,193.5
2026-03-14,SKU-F002,PLN-118,707.17
2026-03-14,SKU-F002,PLN-124,508.91
2026-03-14,SKU-F002,PLN-132,361.46
2026-03-14,SKU-F002,PLN-136,257.16
2026-03-14,SKU-F003,PLN-020,1243.93
2026-03-14,SKU-F003,PLN-024,604.81
2026-03-14,SKU-F003,PLN-048,618.68
2026-03-14,SKU-F003,PLN-050,524.59
2026-03-14,SKU-F003,PLN-078,313.9
2026-03-14,SKU-F003,PLN-092,330.11
2026-03-14,SKU-F003,PLN-106,444.07
2026-03-14,SKU-F003,PLN-115,241.07
2026-03-14,SKU-F003,PLN-118,744.38
2026-03-14,SKU-F003,PLN-124,419.08
2026-03-14,SKU-F003,PLN-132,367.66
2026-03-14,SKU-F003,PLN-136,246.45
2026-03-14,SKU-F005,PLN-020,1212.91
2026-03-14,SKU-F005,PLN-024,647.31
2026-03-14,SKU-F005,PLN-048,627.49
2026-03-14,SKU-F005,PLN-050,521.84
2026-03-14,SKU-F005,PLN-078,274.4
2026-03-14,SKU-F005,PLN-092,248.46
2026-03-14,SKU-F005,PLN-106,435.3
2026-03-14,SKU-F005,PLN-115,248.61
2026-03-14,SKU-F005,PLN-118,715.25
2026-03-14,SKU-F005,PLN-124,438.33
2026-03-14,SKU-F005,PLN-132,416.28
2026-03-14,SKU-F005,PLN-136,190.71
2026-03-14,SKU-F006,PLN-020,1221.96
2026-03-14,SKU-F006,PLN-024,713.78
2026-03-14,SKU-F006,PLN-048,614.79
2026-03-14,SKU-F006,PLN-050,602.7
2026-03-14,SKU-F006,PLN-078,397.66
2026-03-14,SKU-F006,PLN-092,330.13
2026-03-14,SKU-F006,PLN-106,657.63
2026-03-14,SKU-F006,PLN-115,279.74
2026-03-14,SKU-F006,PLN-118,833.97
2026-03-14,SKU-F006,PLN-124,482.76
2026-03-14,SKU-F006,PLN-132,416.8
2026-03-14,SKU-F006,PLN-136,279.88
2026-03-14,SKU-F007,PLN-020,920.47
2026-03-14,SKU-F007,PLN-024,588.69
2026-03-14,SKU-F007,PLN-048,646.82
2026-03-14,SKU-F007,PLN-050,543.96
2026-03-14,SKU-F007,PLN-078,315.09
2026-03-14,SKU-F007,PLN-092,270.51
2026-03-14,SKU-F007,PLN-106,517.11
2026-03-14,SKU-F007,PLN-115,236.7
2026-03-14,SKU-F007,PLN-118,588.74
2026-03-14,SKU-F007,PLN-124,409.55
2026-03-14,SKU-F007,PLN-132,462.3
2026-03-14,SKU-F007,PLN-136,228.59
2026-03-14,SKU-F008,PLN-020,388.19
2026-03-14,SKU-F008,PLN-024,220.04
2026-03-14,SKU-F008,PLN-048,216.13
2026-03-14,SKU-F008,PLN-050,227.17
2026-03-14,SKU-F008,PLN-078,83.31
2026-03-14,SKU-F008,PLN-092,90.4
2026-03-14,SKU-F008,PLN-106,128.68
2026-03-14,SKU-F008,PLN-115,73.78
2026-03-14,SKU-F008,PLN-118,223.23
2026-03-14,SKU-F008,PLN-124,157.29
2026-03-14,SKU-F008,PLN-132,131.59
2026-03-14,SKU-F008,PLN-136,79.12
2026-03-14,SKU-F009,PLN-020,596.0
2026-03-14,SKU-F009,PLN-024,329.02
2026-03-14,SKU-F009,PLN-048,241.3
2026-03-14,SKU-F009,PLN-050,300.56
2026-03-14,SKU-F009,PLN-078,137.17
2026-03-14,SKU-F009,PLN-092,148.32
2026-03-14,SKU-F009,PLN-106,213.82
2026-03-14,SKU-F009,PLN-115,137.96
2026-03-14,SKU-F009,PLN-118,343.88
2026-03-14,SKU-F009,PLN-124,202.35
2026-03-14,SKU-F009,PLN-132,247.15
2026-03-14,SKU-F009,PLN-136,116.09
2026-03-14,SKU-F011,PLN-020,471.13
2026-03-14,SKU-F011,PLN-024,293.49
2026-03-14,SKU-F011,PLN-048,229.09
2026-03-14,SKU-F011,PLN-050,261.3
2026-03-14,SKU-F011,PLN-078,125.18
2026-03-14,SKU-F011,PLN-092,115.15
2026-03-14,SKU-F011,PLN-106,216.72
2026-03-14,SKU-F011,PLN-115,85.56
2026-03-14,SKU-F011,PLN-118,336.95
2026-03-14,SKU-F011,PLN-124,172.48
2026-03-14,SKU-F011,PLN-132,162.69
2026-03-14,SKU-F011,PLN-136,88.6
2026-03-14,SKU-F012,PLN-020,387.42
2026-03-14,SKU-F012,PLN-024,192.55
2026-03-14,SKU-F012,PLN-048,165.83
2026-03-14,SKU-F012,PLN-050,175.64
2026-03-14,SKU-F012,PLN-078,74.58
2026-03-14,SKU-F012,PLN-092,80.88
2026-03-14,SKU-F012,PLN-106,152.15
2026-03-14,SKU-F012,PLN-115,71.43
2026-03-14,SKU-F012,PLN-118,203.04
2026-03-14,SKU-F012,PLN-124,110.71
2026-03-14,SKU-F012,PLN-132,120.59
2026-03-14,SKU-F012,PLN-136,70.73
2026-03-16,SKU-F001,PLN-020,394.64
2026-03-16,SKU-F001,PLN-024,244.2
2026-03-16,SKU-F001,PLN-048,185.0
2026-03-16,SKU-F001,PLN-050,224.99
2026-03-16,SKU-F001,PLN-078,111.88
2026-03-16,SKU-F001,PLN-092,101.08
2026-03-16,SKU-F001,PLN-106,219.52
2026-03-16,SKU-F001,PLN-115,61.43
2026-03-16,SKU-F001,PLN-118,255.54
2026-03-16,SKU-F001,PLN-124,133.23
2026-03-16,SKU-F001,PLN-132,143.72
2026-03-16,SKU-F001,PLN-136,74.93
2026-03-16,SKU-F002,PLN-020,499.09
2026-03-16,SKU-F002,PLN-024,282.84
2026-03-16,SKU-F002,PLN-048,349.97
2026-03-16,SKU-F002,PLN-050,330.85
2026-03-16,SKU-F002,PLN-078,186.47
2026-03-16,SKU-F002,PLN-092,136.34
2026-03-16,SKU-F002,PLN-106,255.32
2026-03-16,SKU-F002,PLN-115,115.82
2026-03-16,SKU-F002,PLN-118,425.14
2026-03-16,SKU-F002,PLN-124,273.27
2026-03-16,SKU-F002,PLN-132,243.37
2026-03-16,SKU-F002,PLN-136,155.83
2026-03-16,SKU-F003,PLN-020,683.06
2026-03-16,SKU-F003,PLN-024,342.67
2026-03-16,SKU-F003,PLN-048,347.44
2026-03-16,SKU-F003,PLN-050,360.35
2026-03-16,SKU-F003,PLN-078,196.92
2026-03-16,SKU-F003,PLN-092,197.57
2026-03-16,SKU-F003,PLN-106,262.84
2026-03-16,SKU-F003,PLN-115,136.99
2026-03-16,SKU-F003,PLN-118,387.24
2026-03-16,SKU-F003,PLN-124,259.34
2026-03-16,SKU-F003,PLN-132,210.39
2026-03-16,SKU-F003,PLN-136,139.08
2026-03-16,SKU-F005,PLN-020,576.78
2026-03-16,SKU-F005,PLN-024,406.4
2026-03-16,SKU-F005,PLN-048,351.37
2026-03-16,SKU-F005,PLN-050,322.51
2026-03-16,SKU-F005,PLN-078,163.23
2026-03-16,SKU-F005,PLN-092,154.31
2026-03-16,SKU-F005,PLN-106,301.76
2026-03-16,SKU-F005,PLN-115,141.95
2026-03-16,SKU-F005,PLN-118,430.39
2026-03-16,SKU-F005,PLN-124,277.93
2026-03-16,SKU-F005,PLN-132,241.04
2026-03-16,SKU-F005,PLN-136,115.97
2026-03-16,SKU-F006,PLN-020,866.52
2026-03-16,SKU-F006,PLN-024,405.48
2026-03-16,SKU-F006,PLN-048,395.55
2026-03-16,SKU-F006,PLN-050,406.24
2026-03-16,SKU-F006,PLN-078,253.0
2026-03-16,SKU-F006,PLN-092,202.36
2026-03-16,SKU-F006,PLN-106,421.22
2026-03-16,SKU-F006,PLN-115,170.51
2026-03-16,SKU-F006,PLN-118,557.0
2026-03-16,SKU-F006,PLN-124,307.98
2026-03-16,SKU-F006,PLN-132,244.97
2026-03-16,SKU-F006,PLN-136,170.46
2026-03-16,SKU-F007,PLN-020,719.55
2026-03-16,SKU-F007,PLN-024,355.93
2026-03-16,SKU-F007,PLN-048,351.02
2026-03-16,SKU-F007,PLN-050,381.9
2026-03-16,SKU-F007,PLN-078,186.67
2026-03-16,SKU-F007,PLN-092,170.84
2026-03-16,SKU-F007,PLN-106,318.22
2026-03-16,SKU-F007,PLN-115,135.56
2026-03-16,SKU-F007,PLN-118,515.59
2026-03-16,SKU-F007,PLN-124,241.11
2026-03-16,SKU-F007,PLN-132,290.11
2026-03-16,SKU-F007,PLN-136,131.87
2026-03-16,SKU-F008,PLN-020,215.39
2026-03-16,SKU-F008,PLN-024,117.52
2026-03-16,SKU-F008,PLN-048,115.35
2026-03-16,SKU-F008,PLN-050,145.14
2026-03-16,SKU-F008,PLN-078,51.09
2026-03-16,SKU-F008,PLN-092,55.15
2026-03-16,SKU-F008,PLN-106,90.31
2026-03-16,SKU-F008,PLN-115,41.2
2026-03-16,SKU-F008,PLN-118,131.58
2026-03-16,SKU-F008,PLN-124,92.02
2026-03-16,SKU-F008,PLN-132,73.67
2026-03-16,SKU-F008,PLN-136,47.11
2026-03-16,SKU-F009,PLN-020,322.54
2026-03-16,SKU-F009,PLN-024,175.36
2026-03-16,SKU-F009,PLN-048,156.5
2026-03-16,SKU-F009,PLN-050,179.65
2026-03-16,SKU-F009,PLN-078,85.3
2026-03-16,SKU-F009,PLN-092,84.12
2026-03-16,SKU-F009,PLN-106,104.51
2026-03-16,SKU-F009,PLN-115,80.27
2026-03-16,SKU-F009,PLN-118,202.36
2026-03-16,SKU-F009,PLN-124,118.97
2026-03-16,SKU-F009,PLN-132,148.06
2026-03-16,SKU-F009,PLN-136,75.73
2026-03-16,SKU-F011,PLN-020,229.09
2026-03-16,SKU-F011,PLN-024,153.26
2026-03-16,SKU-F011,PLN-048,133.38
2026-03-16,SKU-F011,PLN-050,146.56
2026-03-16,SKU-F011,PLN-078,77.81
2026-03-16,SKU-F011,PLN-092,67.85
2026-03-16,SKU-F011,PLN-106,125.83
2026-03-16,SKU-F011,PLN-115,48.9
2026-03-16,SKU-F011,PLN-118,193.17
2026-03-16,SKU-F011,PLN-124,109.99
2026-03-16,SKU-F011,PLN-132,94.53
2026-03-16,SKU-F011,PLN-136,48.82
2026-03-16,SKU-F012,PLN-020,202.43
2026-03-16,SKU-F012,PLN-024,100.16
2026-03-16,SKU-F012,PLN-048,93.09
2026-03-16,SKU-F012,PLN-050,102.74
2026-03-16,SKU-F012,PLN-078,42.79
2026-03-16,SKU-F012,PLN-092,47.35
2026-03-16,SKU-F012,PLN-106,80.88
2026-03-16,SKU-F012,PLN-115,36.93
2026-03-16,SKU-F012,PLN-118,118.8
2026-03-16,SKU-F012,PLN-124,63.13
2026-03-16,SKU-F012,PLN-132,72.45
2026-03-16,SKU-F012,PLN-136,36.75
2026-03-17,SKU-F001,PLN-020,449.33
2026-03-17,SKU-F001,PLN-024,251.83
2026-03-17,SKU-F001,PLN-048,194.37
2026-03-17,SKU-F001,PLN-050,237.38
2026-03-17,SKU-F001,PLN-078,118.26
2026-03-17,SKU-F001,PLN-092,102.43
2026-03-17,SKU-F001,PLN-106,226.49
2026-03-17,SKU-F001,PLN-115,64.15
2026-03-17,SKU-F001,PLN-118,256.96
2026-03-17,SKU-F001,PLN-124,120.05
2026-03-17,SKU-F001,PLN-132,151.85
2026-03-17,SKU-F001,PLN-136,77.9
2026-03-17,SKU-F002,PLN-020,493.17
2026-03-17,SKU-F002,PLN-024,285.78
2026-03-17,SKU-F002,PLN-048,402.02
2026-03-17,SKU-F002,PLN-050,337.35
2026-03-17,SKU-F002,PLN-078,195.75
2026-03-17,SKU-F002,PLN-092,140.8
2026-03-17,SKU-F002,PLN-106,262.38
2026-03-17,SKU-F002,PLN-115,122.32
2026-03-17,SKU-F002,PLN-118,487.41
2026-03-17,SKU-F002,PLN-124,291.59
2026-03-17,SKU-F002,PLN-132,249.77
2026-03-17,SKU-F002,PLN-136,157.06
2026-03-17,SKU-F003,PLN-020,561.96
2026-03-17,SKU-F003,PLN-024,355.03
2026-03-17,SKU-F003,PLN-048,358.26
2026-03-17,SKU-F003,PLN-050,360.84
2026-03-17,SKU-F003,PLN-078,204.67
2026-03-17,SKU-F003,PLN-092,186.38
2026-03-17,SKU-F003,PLN-106,274.79
2026-03-17,SKU-F003,PLN-115,138.57
2026-03-17,SKU-F003,PLN-118,396.03
2026-03-17,SKU-F003,PLN-124,262.13
2026-03-17,SKU-F003,PLN-132,227.14
2026-03-17,SKU-F003,PLN-136,136.33
2026-03-17,SKU-F005,PLN-020,575.66
2026-03-17,SKU-F005,PLN-024,381.69
2026-03-17,SKU-F005,PLN-048,352.37
2026-03-17,SKU-F005,PLN-050,324.76
2026-03-17,SKU-F005,PLN-078,162.25
2026-03-17,SKU-F005,PLN-092,164.9
2026-03-17,SKU-F005,PLN-106,305.06
2026-03-17,SKU-F005,PLN-115,140.8
2026-03-17,SKU-F005,PLN-118,456.55
2026-03-17,SKU-F005,PLN-124,291.0
2026-03-17,SKU-F005,PLN-132,250.01
2026-03-17,SKU-F005,PLN-136,119.82
2026-03-17,SKU-F006,PLN-020,733.23
2026-03-17,SKU-F006,PLN-024,418.62
2026-03-17,SKU-F006,PLN-048,403.61
2026-03-17,SKU-F006,PLN-050,419.0
2026-03-17,SKU-F006,PLN-078,258.49
2026-03-17,SKU-F006,PLN-092,197.29
2026-03-17,SKU-F006,PLN-106,416.54
2026-03-17,SKU-F006,PLN-115,171.29
2026-03-17,SKU-F006,PLN-118,557.91
2026-03-17,SKU-F006,PLN-124,297.09
2026-03-17,SKU-F006,PLN-132,263.88
2026-03-17,SKU-F006,PLN-136,175.82
2026-03-17,SKU-F007,PLN-020,776.94
2026-03-17,SKU-F007,PLN-024,357.6
2026-03-17,SKU-F007,PLN-048,383.61
2026-03-17,SKU-F007,PLN-050,365.44
2026-03-17,SKU-F007,PLN-078,197.12
2026-03-17,SKU-F007,PLN-092,175.7
2026-03-17,SKU-F007,PLN-106,330.54
2026-03-17,SKU-F007,PLN-115,139.83
2026-03-17,SKU-F007,PLN-118,527.79
2026-03-17,SKU-F007,PLN-124,240.89
2026-03-17,SKU-F007,PLN-132,289.37
2026-03-17,SKU-F007,PLN-136,135.91
2026-03-17,SKU-F008,PLN-020,192.36
2026-03-17,SKU-F008,PLN-024,117.6
2026-03-17,SKU-F008,PLN-048,113.94
2026-03-17,SKU-F008,PLN-050,147.18
2026-03-17,SKU-F008,PLN-078,54.67
2026-03-17,SKU-F008,PLN-092,61.6
2026-03-17,SKU-F008,PLN-106,87.36
2026-03-17,SKU-F008,PLN-115,42.65
2026-03-17,SKU-F008,PLN-118,134.71
2026-03-17,SKU-F008,PLN-124,97.86
2026-03-17,SKU-F008,PLN-132,75.62
2026-03-17,SKU-F008,PLN-136,47.89
2026-03-17,SKU-F009,PLN-020,308.92
2026-03-17,SKU-F009,PLN-024,185.19
2026-03-17,SKU-F009,PLN-048,152.08
2026-03-17,SKU-F009,PLN-050,174.36
2026-03-17,SKU-F009,PLN-078,91.29
2026-03-17,SKU-F009,PLN-092,86.43
2026-03-17,SKU-F009,PLN-106,120.35
2026-03-17,SKU-F009,PLN-115,82.34
2026-03-17,SKU-F009,PLN-118,214.1
2026-03-17,SKU-F009,PLN-124,120.6
2026-03-17,SKU-F009,PLN-132,147.74
2026-03-17,SKU-F009,PLN-136,73.71
2026-03-17,SKU-F011,PLN-020,253.62
2026-03-17,SKU-F011,PLN-024,157.61
2026-03-17,SKU-F011,PLN-048,128.72
2026-03-17,SKU-F011,PLN-050,151.0
2026-03-17,SKU-F011,PLN-078,84.39
2026-03-17,SKU-F011,PLN-092,65.26
2026-03-17,SKU-F011,PLN-106,130.47
2026-03-17,SKU-F011,PLN-115,50.57
2026-03-17,SKU-F011,PLN-118,199.35
2026-03-17,SKU-F011,PLN-124,109.87
2026-03-17,SKU-F011,PLN-132,96.55
2026-03-17,SKU-F011,PLN-136,52.57
2026-03-17,SKU-F012,PLN-020,201.55
2026-03-17,SKU-F012,PLN-024,101.34
2026-03-17,SKU-F012,PLN-048,91.71
2026-03-17,SKU-F012,PLN-050,105.35
2026-03-17,SKU-F012,PLN-078,46.57
2026-03-17,SKU-F012,PLN-092,48.8
2026-03-17,SKU-F012,PLN-106,82.57
2026-03-17,SKU-F012,PLN-115,38.38
2026-03-17,SKU-F012,PLN-118,119.32
2026-03-17,SKU-F012,PLN-124,66.34
2026-03-17,SKU-F012,PLN-132,70.01
2026-03-17,SKU-F012,PLN-136,38.2
2026-03-18,SKU-F001,PLN-020,445.92
2026-03-18,SKU-F001,PLN-024,270.13
2026-03-18,SKU-F001,PLN-048,184.18
2026-03-18,SKU-F001,PLN-050,237.97
2026-03-18,SKU-F001,PLN-078,119.03
2026-03-18,SKU-F001,PLN-092,103.5
2026-03-18,SKU-F001,PLN-106,225.12
2026-03-18,SKU-F001,PLN-115,65.62
2026-03-18,SKU-F001,PLN-118,266.21
2026-03-18,SKU-F001,PLN-124,122.71
2026-03-18,SKU-F001,PLN-132,166.53
2026-03-18,SKU-F001,PLN-136,78.64
2026-03-18,SKU-F002,PLN-020,581.33
2026-03-18,SKU-F002,PLN-024,297.22
2026-03-18,SKU-F002,PLN-048,371.27
2026-03-18,SKU-F002,PLN-050,328.25
2026-03-18,SKU-F002,PLN-078,188.55
2026-03-18,SKU-F002,PLN-092,143.4
2026-03-18,SKU-F002,PLN-106,262.52
2026-03-18,SKU-F002,PLN-115,124.67
2026-03-18,SKU-F002,PLN-118,525.04
2026-03-18,SKU-F002,PLN-124,298.42
2026-03-18,SKU-F002,PLN-132,242.63
2026-03-18,SKU-F002,PLN-136,158.93
2026-03-18,SKU-F003,PLN-020,621.7
2026-03-18,SKU-F003,PLN-024,363.79
2026-03-18,SKU-F003,PLN-048,364.59
2026-03-18,SKU-F003,PLN-050,360.54
2026-03-18,SKU-F003,PLN-078,221.55
2026-03-18,SKU-F003,PLN-092,192.13
2026-03-18,SKU-F003,PLN-106,304.95
2026-03-18,SKU-F003,PLN-115,144.16
2026-03-18,SKU-F003,PLN-118,396.54
2026-03-18,SKU-F003,PLN-124,272.93
2026-03-18,SKU-F003,PLN-132,234.71
2026-03-18,SKU-F003,PLN-136,143.43
2026-03-18,SKU-F005,PLN-020,637.29
2026-03-18,SKU-F005,PLN-024,362.02
2026-03-18,SKU-F005,PLN-048,363.16
2026-03-18,SKU-F005,PLN-050,338.81
2026-03-18,SKU-F005,PLN-078,161.6
2026-03-18,SKU-F005,PLN-092,172.7
2026-03-18,SKU-F005,PLN-106,313.74
2026-03-18,SKU-F005,PLN-115,145.09
2026-03-18,SKU-F005,PLN-118,449.36
2026-03-18,SKU-F005,PLN-124,282.99
2026-03-18,SKU-F005,PLN-132,232.68
2026-03-18,SKU-F005,PLN-136,129.37
2026-03-18,SKU-F006,PLN-020,844.94
2026-03-18,SKU-F006,PLN-024,438.24
2026-03-18,SKU-F006,PLN-048,417.65
2026-03-18,SKU-F006,PLN-050,415.93
2026-03-18,SKU-F006,PLN-078,249.31
2026-03-18,SKU-F006,PLN-092,208.83
2026-03-18,SKU-F006,PLN-106,468.3
2026-03-18,SKU-F006,PLN-115,172.16
2026-03-18,SKU-F006,PLN-118,572.8
2026-03-18,SKU-F006,PLN-124,333.48
2026-03-18,SKU-F006,PLN-132,276.0
2026-03-18,SKU-F006,PLN-136,179.01
2026-03-18,SKU-F007,PLN-020,848.8
2026-03-18,SKU-F007,PLN-024,369.14
2026-03-18,SKU-F007,PLN-048,393.74
2026-03-18,SKU-F007,PLN-050,368.69
2026-03-18,SKU-F007,PLN-078,196.27
2026-03-18,SKU-F007,PLN-092,195.75
2026-03-18,SKU-F007,PLN-106,306.55
2026-03-18,SKU-F007,PLN-115,145.32
2026-03-18,SKU-F007,PLN-118,563.95
2026-03-18,SKU-F007,PLN-124,252.32
2026-03-18,SKU-F007,PLN-132,293.04
2026-03-18,SKU-F007,PLN-136,130.36
2026-03-18,SKU-F008,PLN-020,197.96
2026-03-18,SKU-F008,PLN-024,123.97
2026-03-18,SKU-F008,PLN-048,117.4
2026-03-18,SKU-F008,PLN-050,150.44
2026-03-18,SKU-F008,PLN-078,52.25
2026-03-18,SKU-F008,PLN-092,61.71
2026-03-18,SKU-F008,PLN-106,93.68
2026-03-18,SKU-F008,PLN-115,44.66
2026-03-18,SKU-F008,PLN-118,139.43
2026-03-18,SKU-F008,PLN-124,99.61
2026-03-18,SKU-F008,PLN-132,77.44
2026-03-18,SKU-F008,PLN-136,44.56
2026-03-18,SKU-F009,PLN-020,293.45
2026-03-18,SKU-F009,PLN-024,187.85
2026-03-18,SKU-F009,PLN-048,146.65
2026-03-18,SKU-F009,PLN-050,181.08
2026-03-18,SKU-F009,PLN-078,92.48
2026-03-18,SKU-F009,PLN-092,88.79
2026-03-18,SKU-F009,PLN-106,120.67
2026-03-18,SKU-F009,PLN-115,91.52
2026-03-18,SKU-F009,PLN-118,216.56
2026-03-18,SKU-F009,PLN-124,121.78
2026-03-18,SKU-F009,PLN-132,144.13
2026-03-18,SKU-F009,PLN-136,76.44
2026-03-18,SKU-F011,PLN-020,246.2
2026-03-18,SKU-F011,PLN-024,161.3
2026-03-18,SKU-F011,PLN-048,132.42
2026-03-18,SKU-F011,PLN-050,152.68
2026-03-18,SKU-F011,PLN-078,83.4
2026-03-18,SKU-F011,PLN-092,67.33
2026-03-18,SKU-F011,PLN-106,128.17
2026-03-18,SKU-F011,PLN-115,52.48
2026-03-18,SKU-F011,PLN-118,215.16
2026-03-18,SKU-F011,PLN-124,108.98
2026-03-18,SKU-F011,PLN-132,99.86
2026-03-18,SKU-F011,PLN-136,54.56
2026-03-18,SKU-F012,PLN-020,207.62
2026-03-18,SKU-F012,PLN-024,107.58
2026-03-18,SKU-F012,PLN-048,97.48
2026-03-18,SKU-F012,PLN-050,106.29
2026-03-18,SKU-F012,PLN-078,44.84
2026-03-18,SKU-F012,PLN-092,51.02
2026-03-18,SKU-F012,PLN-106,88.05
2026-03-18,SKU-F012,PLN-115,40.39
2026-03-18,SKU-F012,PLN-118,124.56
2026-03-18,SKU-F012,PLN-124,69.57
2026-03-18,SKU-F012,PLN-132,70.87
2026-03-18,SKU-F012,PLN-136,39.83
2026-03-19,SKU-F001,PLN-020,335.72
2026-03-19,SKU-F001,PLN-024,247.4
2026-03-19,SKU-F001,PLN-048,198.21
2026-03-19,SKU-F001,PLN-050,254.78
2026-03-19,SKU-F001,PLN-078,126.89
2026-03-19,SKU-F001,PLN-092,110.12
2026-03-19,SKU-F001,PLN-106,238.78
2026-03-19,SKU-F001,PLN-115,70.71
2026-03-19,SKU-F001,PLN-118,283.29
2026-03-19,SKU-F001,PLN-124,138.94
2026-03-19,SKU-F001,PLN-132,172.14
2026-03-19,SKU-F001,PLN-136,83.81
2026-03-19,SKU-F002,PLN-020,509.98
2026-03-19,SKU-F002,PLN-024,299.38
2026-03-19,SKU-F002,PLN-048,370.27
2026-03-19,SKU-F002,PLN-050,342.27
2026-03-19,SKU-F002,PLN-078,198.74
2026-03-19,SKU-F002,PLN-092,151.95
2026-03-19,SKU-F002,PLN-106,276.75
2026-03-19,SKU-F002,PLN-115,126.63
2026-03-19,SKU-F002,PLN-118,500.78
2026-03-19,SKU-F002,PLN-124,307.72
2026-03-19,SKU-F002,PLN-132,253.94
2026-03-19,SKU-F002,PLN-136,159.94
2026-03-19,SKU-F003,PLN-020,734.61
2026-03-19,SKU-F003,PLN-024,357.27
2026-03-19,SKU-F003,PLN-048,369.2
2026-03-19,SKU-F003,PLN-050,423.19
2026-03-19,SKU-F003,PLN-078,235.47
2026-03-19,SKU-F003,PLN-092,185.19
2026-03-19,SKU-F003,PLN-106,315.95
2026-03-19,SKU-F003,PLN-115,145.1
2026-03-19,SKU-F003,PLN-118,424.26
2026-03-19,SKU-F003,PLN-124,281.35
2026-03-19,SKU-F003,PLN-132,245.56
2026-03-19,SKU-F003,PLN-136,149.36
2026-03-19,SKU-F005,PLN-020,626.92
2026-03-19,SKU-F005,PLN-024,374.01
2026-03-19,SKU-F005,PLN-048,366.73
2026-03-19,SKU-F005,PLN-050,335.01
2026-03-19,SKU-F005,PLN-078,169.87
2026-03-19,SKU-F005,PLN-092,176.7
2026-03-19,SKU-F005,PLN-106,330.51
2026-03-19,SKU-F005,PLN-115,153.81
2026-03-19,SKU-F005,PLN-118,465.71
2026-03-19,SKU-F005,PLN-124,279.98
2026-03-19,SKU-F005,PLN-132,261.65
2026-03-19,SKU-F005,PLN-136,130.89
2026-03-19,SKU-F006,PLN-020,1032.99
2026-03-19,SKU-F006,PLN-024,357.96
2026-03-19,SKU-F006,PLN-048,430.42
2026-03-19,SKU-F006,PLN-050,446.96
2026-03-19,SKU-F006,PLN-078,266.9
2026-03-19,SKU-F006,PLN-092,228.57
2026-03-19,SKU-F006,PLN-106,494.38
2026-03-19,SKU-F006,PLN-115,176.18
2026-03-19,SKU-F006,PLN-118,560.01
2026-03-19,SKU-F006,PLN-124,326.49
2026-03-19,SKU-F006,PLN-132,294.66
2026-03-19,SKU-F006,PLN-136,176.75
2026-03-19,SKU-F007,PLN-020,662.13
2026-03-19,SKU-F007,PLN-024,351.99
2026-03-19,SKU-F007,PLN-048,379.25
2026-03-19,SKU-F007,PLN-050,370.18
2026-03-19,SKU-F007,PLN-078,207.47
2026-03-19,SKU-F007,PLN-092,195.78
2026-03-19,SKU-F007,PLN-106,322.43
2026-03-19,SKU-F007,PLN-115,149.64
2026-03-19,SKU-F007,PLN-118,563.76
2026-03-19,SKU-F007,PLN-124,245.47
2026-03-19,SKU-F007,PLN-132,322.45
2026-03-19,SKU-F007,PLN-136,142.44
2026-03-19,SKU-F008,PLN-020,193.9
2026-03-19,SKU-F008,PLN-024,111.86
2026-03-19,SKU-F008,PLN-048,124.54
2026-03-19,SKU-F008,PLN-050,156.74
2026-03-19,SKU-F008,PLN-078,57.23
2026-03-19,SKU-F008,PLN-092,65.0
2026-03-19,SKU-F008,PLN-106,101.64
2026-03-19,SKU-F008,PLN-115,46.66
2026-03-19,SKU-F008,PLN-118,145.11
2026-03-19,SKU-F008,PLN-124,106.21
2026-03-19,SKU-F008,PLN-132,81.09
2026-03-19,SKU-F008,PLN-136,46.61
2026-03-19,SKU-F009,PLN-020,254.31
2026-03-19,SKU-F009,PLN-024,184.13
2026-03-19,SKU-F009,PLN-048,149.91
2026-03-19,SKU-F009,PLN-050,185.54
2026-03-19,SKU-F009,PLN-078,103.98
2026-03-19,SKU-F009,PLN-092,94.03
2026-03-19,SKU-F009,PLN-106,126.48
2026-03-19,SKU-F009,PLN-115,96.99
2026-03-19,SKU-F009,PLN-118,221.08
2026-03-19,SKU-F009,PLN-124,123.01
2026-03-19,SKU-F009,PLN-132,150.46
2026-03-19,SKU-F009,PLN-136,82.88
2026-03-19,SKU-F011,PLN-020,234.87
2026-03-19,SKU-F011,PLN-024,151.08
2026-03-19,SKU-F011,PLN-048,136.71
2026-03-19,SKU-F011,PLN-050,157.66
2026-03-19,SKU-F011,PLN-078,88.45
2026-03-19,SKU-F011,PLN-092,68.38
2026-03-19,SKU-F011,PLN-106,133.46
2026-03-19,SKU-F011,PLN-115,55.43
2026-03-19,SKU-F011,PLN-118,214.9
2026-03-19,SKU-F011,PLN-124,113.16
2026-03-19,SKU-F011,PLN-132,103.95
2026-03-19,SKU-F011,PLN-136,57.72
2026-03-19,SKU-F012,PLN-020,204.84
2026-03-19,SKU-F012,PLN-024,98.86
2026-03-19,SKU-F012,PLN-048,106.98
2026-03-19,SKU-F012,PLN-050,112.19
2026-03-19,SKU-F012,PLN-078,48.57
2026-03-19,SKU-F012,PLN-092,54.21
2026-03-19,SKU-F012,PLN-106,93.58
2026-03-19,SKU-F012,PLN-115,42.99
2026-03-19,SKU-F012,PLN-118,133.56
2026-03-19,SKU-F012,PLN-124,73.18
2026-03-19,SKU-F012,PLN-132,74.54
2026-03-19,SKU-F012,PLN-136,42.43
2026-03-20,SKU-F001,PLN-020,722.75
2026-03-20,SKU-F001,PLN-024,419.35
2026-03-20,SKU-F001,PLN-048,281.59
2026-03-20,SKU-F001,PLN-050,374.4
2026-03-20,SKU-F001,PLN-078,184.4
2026-03-20,SKU-F001,PLN-092,168.63
2026-03-20,SKU-F001,PLN-106,338.97
2026-03-20,SKU-F001,PLN-115,87.52
2026-03-20,SKU-F001,PLN-118,389.32
2026-03-20,SKU-F001,PLN-124,202.02
2026-03-20,SKU-F001,PLN-132,234.35
2026-03-20,SKU-F001,PLN-136,124.53
2026-03-20,SKU-F002,PLN-020,1129.46
2026-03-20,SKU-F002,PLN-024,392.8
2026-03-20,SKU-F002,PLN-048,554.29
2026-03-20,SKU-F002,PLN-050,544.99
2026-03-20,SKU-F002,PLN-078,282.86
2026-03-20,SKU-F002,PLN-092,220.23
2026-03-20,SKU-F002,PLN-106,396.13
2026-03-20,SKU-F002,PLN-115,185.08
2026-03-20,SKU-F002,PLN-118,706.58
2026-03-20,SKU-F002,PLN-124,452.77
2026-03-20,SKU-F002,PLN-132,352.55
2026-03-20,SKU-F002,PLN-136,233.16
2026-03-20,SKU-F003,PLN-020,870.59
2026-03-20,SKU-F003,PLN-024,545.05
2026-03-20,SKU-F003,PLN-048,621.42
2026-03-20,SKU-F003,PLN-050,568.04
2026-03-20,SKU-F003,PLN-078,330.99
2026-03-20,SKU-F003,PLN-092,265.31
2026-03-20,SKU-F003,PLN-106,456.33
2026-03-20,SKU-F003,PLN-115,205.59
2026-03-20,SKU-F003,PLN-118,594.41
2026-03-20,SKU-F003,PLN-124,403.97
2026-03-20,SKU-F003,PLN-132,355.75
2026-03-20,SKU-F003,PLN-136,216.03
2026-03-20,SKU-F005,PLN-020,1096.68
2026-03-20,SKU-F005,PLN-024,600.48
2026-03-20,SKU-F005,PLN-048,525.44
2026-03-20,SKU-F005,PLN-050,471.46
2026-03-20,SKU-F005,PLN-078,244.41
2026-03-20,SKU-F005,PLN-092,251.19
2026-03-20,SKU-F005,PLN-106,472.14
2026-03-20,SKU-F005,PLN-115,230.87
2026-03-20,SKU-F005,PLN-118,673.28
2026-03-20,SKU-F005,PLN-124,382.97
2026-03-20,SKU-F005,PLN-132,361.97
2026-03-20,SKU-F005,PLN-136,194.47
2026-03-20,SKU-F006,PLN-020,1184.34
2026-03-20,SKU-F006,PLN-024,604.41
2026-03-20,SKU-F006,PLN-048,599.6
2026-03-20,SKU-F006,PLN-050,570.52
2026-03-20,SKU-F006,PLN-078,367.42
2026-03-20,SKU-F006,PLN-092,275.71
2026-03-20,SKU-F006,PLN-106,619.55
2026-03-20,SKU-F006,PLN-115,266.73
2026-03-20,SKU-F006,PLN-118,717.17
2026-03-20,SKU-F006,PLN-124,502.54
2026-03-20,SKU-F006,PLN-132,397.88
2026-03-20,SKU-F006,PLN-136,258.54
2026-03-20,SKU-F007,PLN-020,1073.62
2026-03-20,SKU-F007,PLN-024,623.46
2026-03-20,SKU-F007,PLN-048,552.15
2026-03-20,SKU-F007,PLN-050,542.8
2026-03-20,SKU-F007,PLN-078,276.74
2026-03-20,SKU-F007,PLN-092,284.53
2026-03-20,SKU-F007,PLN-106,448.12
2026-03-20,SKU-F007,PLN-115,210.48
2026-03-20,SKU-F007,PLN-118,804.8
2026-03-20,SKU-F007,PLN-124,328.57
2026-03-20,SKU-F007,PLN-132,442.69
2026-03-20,SKU-F007,PLN-136,208.93
2026-03-20,SKU-F008,PLN-020,345.77
2026-03-20,SKU-F008,PLN-024,194.6
2026-03-20,SKU-F008,PLN-048,187.57
2026-03-20,SKU-F008,PLN-050,231.03
2026-03-20,SKU-F008,PLN-078,81.16
2026-03-20,SKU-F008,PLN-092,96.18
2026-03-20,SKU-F008,PLN-106,155.87
2026-03-20,SKU-F008,PLN-115,64.83
2026-03-20,SKU-F008,PLN-118,229.84
2026-03-20,SKU-F008,PLN-124,149.76
2026-03-20,SKU-F008,PLN-132,125.77
2026-03-20,SKU-F008,PLN-136,66.62
2026-03-20,SKU-F009,PLN-020,467.41
2026-03-20,SKU-F009,PLN-024,247.2
2026-03-20,SKU-F009,PLN-048,208.59
2026-03-20,SKU-F009,PLN-050,278.93
2026-03-20,SKU-F009,PLN-078,161.3
2026-03-20,SKU-F009,PLN-092,139.78
2026-03-20,SKU-F009,PLN-106,200.22
2026-03-20,SKU-F009,PLN-115,136.17
2026-03-20,SKU-F009,PLN-118,284.31
2026-03-20,SKU-F009,PLN-124,169.21
2026-03-20,SKU-F009,PLN-132,208.83
2026-03-20,SKU-F009,PLN-136,132.63
2026-03-20,SKU-F011,PLN-020,402.3
2026-03-20,SKU-F011,PLN-024,248.24
2026-03-20,SKU-F011,PLN-048,211.42
2026-03-20,SKU-F011,PLN-050,229.5
2026-03-20,SKU-F011,PLN-078,124.24
2026-03-20,SKU-F011,PLN-092,101.67
2026-03-20,SKU-F011,PLN-106,207.14
2026-03-20,SKU-F011,PLN-115,78.02
2026-03-20,SKU-F011,PLN-118,312.54
2026-03-20,SKU-F011,PLN-124,175.58
2026-03-20,SKU-F011,PLN-132,158.06
2026-03-20,SKU-F011,PLN-136,84.22
2026-03-20,SKU-F012,PLN-020,333.04
2026-03-20,SKU-F012,PLN-024,168.25
2026-03-20,SKU-F012,PLN-048,158.5
2026-03-20,SKU-F012,PLN-050,168.59
2026-03-20,SKU-F012,PLN-078,72.98
2026-03-20,SKU-F012,PLN-092,75.34
2026-03-20,SKU-F012,PLN-106,139.86
2026-03-20,SKU-F012,PLN-115,64.66
2026-03-20,SKU-F012,PLN-118,191.99
2026-03-20,SKU-F012,PLN-124,110.43
2026-03-20,SKU-F012,PLN-132,111.09
2026-03-20,SKU-F012,PLN-136,64.1
2026-03-21,SKU-F001,PLN-020,875.96
2026-03-21,SKU-F001,PLN-024,461.64
2026-03-21,SKU-F001,PLN-048,311.11
2026-03-21,SKU-F001,PLN-050,413.58
2026-03-21,SKU-F001,PLN-078,208.9
2026-03-21,SKU-F001,PLN-092,180.98
2026-03-21,SKU-F001,PLN-106,374.96
2026-03-21,SKU-F001,PLN-115,94.1
2026-03-21,SKU-F001,PLN-118,435.35
2026-03-21,SKU-F001,PLN-124,212.53
2026-03-21,SKU-F001,PLN-132,252.48
2026-03-21,SKU-F001,PLN-136,140.23
2026-03-21,SKU-F002,PLN-020,1085.69
2026-03-21,SKU-F002,PLN-024,456.08
2026-03-21,SKU-F002,PLN-048,576.07
2026-03-21,SKU-F002,PLN-050,509.03
2026-03-21,SKU-F002,PLN-078,306.12
2026-03-21,SKU-F002,PLN-092,265.21
2026-03-21,SKU-F002,PLN-106,416.8
2026-03-21,SKU-F002,PLN-115,230.49
2026-03-21,SKU-F002,PLN-118,741.17
2026-03-21,SKU-F002,PLN-124,479.33
2026-03-21,SKU-F002,PLN-132,452.01
2026-03-21,SKU-F002,PLN-136,263.85
2026-03-21,SKU-F003,PLN-020,1107.78
2026-03-21,SKU-F003,PLN-024,593.02
2026-03-21,SKU-F003,PLN-048,603.26
2026-03-21,SKU-F003,PLN-050,577.51
2026-03-21,SKU-F003,PLN-078,363.57
2026-03-21,SKU-F003,PLN-092,270.51
2026-03-21,SKU-F003,PLN-106,471.22
2026-03-21,SKU-F003,PLN-115,221.8
2026-03-21,SKU-F003,PLN-118,604.8
2026-03-21,SKU-F003,PLN-124,426.15
2026-03-21,SKU-F003,PLN-132,412.41
2026-03-21,SKU-F003,PLN-136,231.49
2026-03-21,SKU-F005,PLN-020,997.81
2026-03-21,SKU-F005,PLN-024,621.32
2026-03-21,SKU-F005,PLN-048,654.26
2026-03-21,SKU-F005,PLN-050,489.24
2026-03-21,SKU-F005,PLN-078,278.54
2026-03-21,SKU-F005,PLN-092,276.57
2026-03-21,SKU-F005,PLN-106,540.96
2026-03-21,SKU-F005,PLN-115,248.13
2026-03-21,SKU-F005,PLN-118,693.62
2026-03-21,SKU-F005,PLN-124,437.47
2026-03-21,SKU-F005,PLN-132,341.9
2026-03-21,SKU-F005,PLN-136,220.83
2026-03-21,SKU-F006,PLN-020,1298.62
2026-03-21,SKU-F006,PLN-024,666.01
2026-03-21,SKU-F006,PLN-048,616.27
2026-03-21,SKU-F006,PLN-050,622.15
2026-03-21,SKU-F006,PLN-078,419.18
2026-03-21,SKU-F006,PLN-092,298.18
2026-03-21,SKU-F006,PLN-106,641.83
2026-03-21,SKU-F006,PLN-115,318.63
2026-03-21,SKU-F006,PLN-118,899.83
2026-03-21,SKU-F006,PLN-124,536.77
2026-03-21,SKU-F006,PLN-132,476.09
2026-03-21,SKU-F006,PLN-136,292.31
2026-03-21,SKU-F007,PLN-020,953.18
2026-03-21,SKU-F007,PLN-024,559.62
2026-03-21,SKU-F007,PLN-048,597.32
2026-03-21,SKU-F007,PLN-050,562.93
2026-03-21,SKU-F007,PLN-078,334.86
2026-03-21,SKU-F007,PLN-092,314.5
2026-03-21,SKU-F007,PLN-106,473.04
2026-03-21,SKU-F007,PLN-115,239.08
2026-03-21,SKU-F007,PLN-118,695.99
2026-03-21,SKU-F007,PLN-124,344.94
2026-03-21,SKU-F007,PLN-132,454.89
2026-03-21,SKU-F007,PLN-136,220.25
2026-03-21,SKU-F008,PLN-020,369.25
2026-03-21,SKU-F008,PLN-024,220.81
2026-03-21,SKU-F008,PLN-048,206.74
2026-03-21,SKU-F008,PLN-050,248.71
2026-03-21,SKU-F008,PLN-078,86.49
2026-03-21,SKU-F008,PLN-092,95.83
2026-03-21,SKU-F008,PLN-106,165.14
2026-03-21,SKU-F008,PLN-115,73.78
2026-03-21,SKU-F008,PLN-118,248.13
2026-03-21,SKU-F008,PLN-124,173.62
2026-03-21,SKU-F008,PLN-132,132.24
2026-03-21,SKU-F008,PLN-136,73.08
2026-03-21,SKU-F009,PLN-020,565.7
2026-03-21,SKU-F009,PLN-024,265.67
2026-03-21,SKU-F009,PLN-048,253.29
2026-03-21,SKU-F009,PLN-050,303.05
2026-03-21,SKU-F009,PLN-078,165.7
2026-03-21,SKU-F009,PLN-092,148.55
2026-03-21,SKU-F009,PLN-106,241.55
2026-03-21,SKU-F009,PLN-115,134.01
2026-03-21,SKU-F009,PLN-118,322.83
2026-03-21,SKU-F009,PLN-124,184.19
2026-03-21,SKU-F009,PLN-132,232.34
2026-03-21,SKU-F009,PLN-136,138.43
2026-03-21,SKU-F011,PLN-020,438.36
2026-03-21,SKU-F011,PLN-024,280.28
2026-03-21,SKU-F011,PLN-048,246.11
2026-03-21,SKU-F011,PLN-050,252.58
2026-03-21,SKU-F011,PLN-078,136.51
2026-03-21,SKU-F011,PLN-092,108.74
2026-03-21,SKU-F011,PLN-106,226.6
2026-03-21,SKU-F011,PLN-115,86.15
2026-03-21,SKU-F011,PLN-118,337.28
2026-03-21,SKU-F011,PLN-124,186.48
2026-03-21,SKU-F011,PLN-132,159.25
2026-03-21,SKU-F011,PLN-136,89.61
2026-03-21,SKU-F012,PLN-020,363.71
2026-03-21,SKU-F012,PLN-024,175.98
2026-03-21,SKU-F012,PLN-048,167.31
2026-03-21,SKU-F012,PLN-050,182.28
2026-03-21,SKU-F012,PLN-078,81.98
2026-03-21,SKU-F012,PLN-092,85.51
2026-03-21,SKU-F012,PLN-106,151.79
2026-03-21,SKU-F012,PLN-115,71.43
2026-03-21,SKU-F012,PLN-118,216.11
2026-03-21,SKU-F012,PLN-124,123.98
2026-03-21,SKU-F012,PLN-132,119.27
2026-03-21,SKU-F012,PLN-136,70.88
2026-03-23,SKU-F001,PLN-020,487.88
2026-03-23,SKU-F001,PLN-024,256.66
2026-03-23,SKU-F001,PLN-048,198.56
2026-03-23,SKU-F001,PLN-050,240.43
2026-03-23,SKU-F001,PLN-078,132.9
2026-03-23,SKU-F001,PLN-092,102.79
2026-03-23,SKU-F001,PLN-106,203.67
2026-03-23,SKU-F001,PLN-115,54.49
2026-03-23,SKU-F001,PLN-118,262.42
2026-03-23,SKU-F001,PLN-124,123.93
2026-03-23,SKU-F001,PLN-132,156.11
2026-03-23,SKU-F001,PLN-136,87.37
2026-03-23,SKU-F002,PLN-020,705.01
2026-03-23,SKU-F002,PLN-024,277.93
2026-03-23,SKU-F002,PLN-048,371.18
2026-03-23,SKU-F002,PLN-050,330.97
2026-03-23,SKU-F002,PLN-078,182.94
2026-03-23,SKU-F002,PLN-092,160.03
2026-03-23,SKU-F002,PLN-106,293.75
2026-03-23,SKU-F002,PLN-115,129.28
2026-03-23,SKU-F002,PLN-118,521.19
2026-03-23,SKU-F002,PLN-124,277.76
2026-03-23,SKU-F002,PLN-132,250.45
2026-03-23,SKU-F002,PLN-136,160.32
2026-03-23,SKU-F003,PLN-020,826.59
2026-03-23,SKU-F003,PLN-024,321.35
2026-03-23,SKU-F003,PLN-048,350.75
2026-03-23,SKU-F003,PLN-050,386.22
2026-03-23,SKU-F003,PLN-078,204.06
2026-03-23,SKU-F003,PLN-092,166.82
2026-03-23,SKU-F003,PLN-106,296.12
2026-03-23,SKU-F003,PLN-115,115.99
2026-03-23,SKU-F003,PLN-118,381.3
2026-03-23,SKU-F003,PLN-124,259.88
2026-03-23,SKU-F003,PLN-132,260.01
2026-03-23,SKU-F003,PLN-136,137.67
2026-03-23,SKU-F005,PLN-020,644.93
2026-03-23,SKU-F005,PLN-024,364.37
2026-03-23,SKU-F005,PLN-048,352.31
2026-03-23,SKU-F005,PLN-050,322.32
2026-03-23,SKU-F005,PLN-078,154.82
2026-03-23,SKU-F005,PLN-092,171.47
2026-03-23,SKU-F005,PLN-106,308.71
2026-03-23,SKU-F005,PLN-115,150.99
2026-03-23,SKU-F005,PLN-118,453.72
2026-03-23,SKU-F005,PLN-124,253.98
2026-03-23,SKU-F005,PLN-132,213.0
2026-03-23,SKU-F005,PLN-136,140.67
2026-03-23,SKU-F006,PLN-020,782.07
2026-03-23,SKU-F006,PLN-024,420.87
2026-03-23,SKU-F006,PLN-048,408.94
2026-03-23,SKU-F006,PLN-050,420.83
2026-03-23,SKU-F006,PLN-078,259.69
2026-03-23,SKU-F006,PLN-092,205.3
2026-03-23,SKU-F006,PLN-106,408.43
2026-03-23,SKU-F006,PLN-115,188.78
2026-03-23,SKU-F006,PLN-118,574.97
2026-03-23,SKU-F006,PLN-124,313.61
2026-03-23,SKU-F006,PLN-132,296.65
2026-03-23,SKU-F006,PLN-136,189.86
2026-03-23,SKU-F007,PLN-020,1092.07
2026-03-23,SKU-F007,PLN-024,358.32
2026-03-23,SKU-F007,PLN-048,421.19
2026-03-23,SKU-F007,PLN-050,374.39
2026-03-23,SKU-F007,PLN-078,190.36
2026-03-23,SKU-F007,PLN-092,201.02
2026-03-23,SKU-F007,PLN-106,272.57
2026-03-23,SKU-F007,PLN-115,138.52
2026-03-23,SKU-F007,PLN-118,522.41
2026-03-23,SKU-F007,PLN-124,210.81
2026-03-23,SKU-F007,PLN-132,282.37
2026-03-23,SKU-F007,PLN-136,120.06
2026-03-23,SKU-F008,PLN-020,226.92
2026-03-23,SKU-F008,PLN-024,120.34
2026-03-23,SKU-F008,PLN-048,117.46
2026-03-23,SKU-F008,PLN-050,143.62
2026-03-23,SKU-F008,PLN-078,50.6
2026-03-23,SKU-F008,PLN-092,52.48
2026-03-23,SKU-F008,PLN-106,98.13
2026-03-23,SKU-F008,PLN-115,41.2
2026-03-23,SKU-F008,PLN-118,142.74
2026-03-23,SKU-F008,PLN-124,113.57
2026-03-23,SKU-F008,PLN-132,84.39
2026-03-23,SKU-F008,PLN-136,41.02
2026-03-23,SKU-F009,PLN-020,344.05
2026-03-23,SKU-F009,PLN-024,169.78
2026-03-23,SKU-F009,PLN-048,154.57
2026-03-23,SKU-F009,PLN-050,178.02
2026-03-23,SKU-F009,PLN-078,103.02
2026-03-23,SKU-F009,PLN-092,89.17
2026-03-23,SKU-F009,PLN-106,153.66
2026-03-23,SKU-F009,PLN-115,82.63
2026-03-23,SKU-F009,PLN-118,183.87
2026-03-23,SKU-F009,PLN-124,113.18
2026-03-23,SKU-F009,PLN-132,155.63
2026-03-23,SKU-F009,PLN-136,82.84
2026-03-23,SKU-F011,PLN-020,229.81
2026-03-23,SKU-F011,PLN-024,151.88
2026-03-23,SKU-F011,PLN-048,147.72
2026-03-23,SKU-F011,PLN-050,132.81
2026-03-23,SKU-F011,PLN-078,84.9
2026-03-23,SKU-F011,PLN-092,65.13
2026-03-23,SKU-F011,PLN-106,125.31
2026-03-23,SKU-F011,PLN-115,48.9
2026-03-23,SKU-F011,PLN-118,199.77
2026-03-23,SKU-F011,PLN-124,114.71
2026-03-23,SKU-F011,PLN-132,97.64
2026-03-23,SKU-F011,PLN-136,56.54
2026-03-23,SKU-F012,PLN-020,222.59
2026-03-23,SKU-F012,PLN-024,104.35
2026-03-23,SKU-F012,PLN-048,86.31
2026-03-23,SKU-F012,PLN-050,104.74
2026-03-23,SKU-F012,PLN-078,48.61
2026-03-23,SKU-F012,PLN-092,48.02
2026-03-23,SKU-F012,PLN-106,96.64
2026-03-23,SKU-F012,PLN-115,37.14
2026-03-23,SKU-F012,PLN-118,121.97
2026-03-23,SKU-F012,PLN-124,64.03
2026-03-23,SKU-F012,PLN-132,65.54
2026-03-23,SKU-F012,PLN-136,36.96
2026-03-24,SKU-F001,PLN-020,508.23
2026-03-24,SKU-F001,PLN-024,269.46
2026-03-24,SKU-F001,PLN-048,182.28
2026-03-24,SKU-F001,PLN-050,248.32
2026-03-24,SKU-F001,PLN-078,127.86
2026-03-24,SKU-F001,PLN-092,114.4
2026-03-24,SKU-F001,PLN-106,203.75
2026-03-24,SKU-F001,PLN-115,56.78
2026-03-24,SKU-F001,PLN-118,272.18
2026-03-24,SKU-F001,PLN-124,126.22
2026-03-24,SKU-F001,PLN-132,159.84
2026-03-24,SKU-F001,PLN-136,89.77
2026-03-24,SKU-F002,PLN-020,566.91
2026-03-24,SKU-F002,PLN-024,291.44
2026-03-24,SKU-F002,PLN-048,361.67
2026-03-24,SKU-F002,PLN-050,323.5
2026-03-24,SKU-F002,PLN-078,183.48
2026-03-24,SKU-F002,PLN-092,160.64
2026-03-24,SKU-F002,PLN-106,300.45
2026-03-24,SKU-F002,PLN-115,140.51
2026-03-24,SKU-F002,PLN-118,484.17
2026-03-24,SKU-F002,PLN-124,279.97
2026-03-24,SKU-F002,PLN-132,245.67
2026-03-24,SKU-F002,PLN-136,150.63
2026-03-24,SKU-F003,PLN-020,694.72
2026-03-24,SKU-F003,PLN-024,347.58
2026-03-24,SKU-F003,PLN-048,336.64
2026-03-24,SKU-F003,PLN-050,383.64
2026-03-24,SKU-F003,PLN-078,206.27
2026-03-24,SKU-F003,PLN-092,167.73
2026-03-24,SKU-F003,PLN-106,284.61
2026-03-24,SKU-F003,PLN-115,125.84
2026-03-24,SKU-F003,PLN-118,381.52
2026-03-24,SKU-F003,PLN-124,265.78
2026-03-24,SKU-F003,PLN-132,265.78
2026-03-24,SKU-F003,PLN-136,139.55
2026-03-24,SKU-F005,PLN-020,633.82
2026-03-24,SKU-F005,PLN-024,374.92
2026-03-24,SKU-F005,PLN-048,354.34
2026-03-24,SKU-F005,PLN-050,308.86
2026-03-24,SKU-F005,PLN-078,153.03
2026-03-24,SKU-F005,PLN-092,180.13
2026-03-24,SKU-F005,PLN-106,303.83
2026-03-24,SKU-F005,PLN-115,150.86
2026-03-24,SKU-F005,PLN-118,486.42
2026-03-24,SKU-F005,PLN-124,279.59
2026-03-24,SKU-F005,PLN-132,220.6
2026-03-24,SKU-F005,PLN-136,144.8
2026-03-24,SKU-F006,PLN-020,907.84
2026-03-24,SKU-F006,PLN-024,443.83
2026-03-24,SKU-F006,PLN-048,380.22
2026-03-24,SKU-F006,PLN-050,441.77
2026-03-24,SKU-F006,PLN-078,258.01
2026-03-24,SKU-F006,PLN-092,207.72
2026-03-24,SKU-F006,PLN-106,428.7
2026-03-24,SKU-F006,PLN-115,187.47
2026-03-24,SKU-F006,PLN-118,568.33
2026-03-24,SKU-F006,PLN-124,324.29
2026-03-24,SKU-F006,PLN-132,300.17
2026-03-24,SKU-F006,PLN-136,200.51
2026-03-24,SKU-F007,PLN-020,802.84
2026-03-24,SKU-F007,PLN-024,359.1
2026-03-24,SKU-F007,PLN-048,417.71
2026-03-24,SKU-F007,PLN-050,366.27
2026-03-24,SKU-F007,PLN-078,199.64
2026-03-24,SKU-F007,PLN-092,195.6
2026-03-24,SKU-F007,PLN-106,278.37
2026-03-24,SKU-F007,PLN-115,145.95
2026-03-24,SKU-F007,PLN-118,551.08
2026-03-24,SKU-F007,PLN-124,210.05
2026-03-24,SKU-F007,PLN-132,282.64
2026-03-24,SKU-F007,PLN-136,129.31
2026-03-24,SKU-F008,PLN-020,226.13
2026-03-24,SKU-F008,PLN-024,125.24
2026-03-24,SKU-F008,PLN-048,119.58
2026-03-24,SKU-F008,PLN-050,145.43
2026-03-24,SKU-F008,PLN-078,51.84
2026-03-24,SKU-F008,PLN-092,54.19
2026-03-24,SKU-F008,PLN-106,100.57
2026-03-24,SKU-F008,PLN-115,42.65
2026-03-24,SKU-F008,PLN-118,143.4
2026-03-24,SKU-F008,PLN-124,114.21
2026-03-24,SKU-F008,PLN-132,88.93
2026-03-24,SKU-F008,PLN-136,40.32
2026-03-24,SKU-F009,PLN-020,352.94
2026-03-24,SKU-F009,PLN-024,163.93
2026-03-24,SKU-F009,PLN-048,152.22
2026-03-24,SKU-F009,PLN-050,177.14
2026-03-24,SKU-F009,PLN-078,102.07
2026-03-24,SKU-F009,PLN-092,93.72
2026-03-24,SKU-F009,PLN-106,148.33
2026-03-24,SKU-F009,PLN-115,86.15
2026-03-24,SKU-F009,PLN-118,185.86
2026-03-24,SKU-F009,PLN-124,119.95
2026-03-24,SKU-F009,PLN-132,154.99
2026-03-24,SKU-F009,PLN-136,84.61
2026-03-24,SKU-F011,PLN-020,237.52
2026-03-24,SKU-F011,PLN-024,153.42
2026-03-24,SKU-F011,PLN-048,153.82
2026-03-24,SKU-F011,PLN-050,129.5
2026-03-24,SKU-F011,PLN-078,85.84
2026-03-24,SKU-F011,PLN-092,64.11
2026-03-24,SKU-F011,PLN-106,127.71
2026-03-24,SKU-F011,PLN-115,50.57
2026-03-24,SKU-F011,PLN-118,204.78
2026-03-24,SKU-F011,PLN-124,115.31
2026-03-24,SKU-F011,PLN-132,99.41
2026-03-24,SKU-F011,PLN-136,59.49
2026-03-24,SKU-F012,PLN-020,218.77
2026-03-24,SKU-F012,PLN-024,107.64
2026-03-24,SKU-F012,PLN-048,81.7
2026-03-24,SKU-F012,PLN-050,108.27
2026-03-24,SKU-F012,PLN-078,48.76
2026-03-24,SKU-F012,PLN-092,51.45
2026-03-24,SKU-F012,PLN-106,98.64
2026-03-24,SKU-F012,PLN-115,38.58
2026-03-24,SKU-F012,PLN-118,123.29
2026-03-24,SKU-F012,PLN-124,66.34
2026-03-24,SKU-F012,PLN-132,65.38
2026-03-24,SKU-F012,PLN-136,38.4
2026-03-25,SKU-F008,PLN-020,235.49
2026-03-25,SKU-F008,PLN-024,123.66
2026-03-25,SKU-F008,PLN-048,129.39
2026-03-25,SKU-F008,PLN-050,151.45
2026-03-25,SKU-F008,PLN-078,55.7
2026-03-25,SKU-F008,PLN-092,58.89
2026-03-25,SKU-F008,PLN-106,105.12
2026-03-25,SKU-F008,PLN-115,44.66
2026-03-25,SKU-F008,PLN-118,149.92
2026-03-25,SKU-F008,PLN-124,115.17
2026-03-25,SKU-F008,PLN-132,94.2
2026-03-25,SKU-F008,PLN-136,44.1
2026-03-25,SKU-F012,PLN-020,230.9
2026-03-25,SKU-F012,PLN-024,108.79
2026-03-25,SKU-F012,PLN-048,90.51
2026-03-25,SKU-F012,PLN-050,114.73
2026-03-25,SKU-F012,PLN-078,54.0
2026-03-25,SKU-F012,PLN-092,53.72
2026-03-25,SKU-F012,PLN-106,98.19
2026-03-25,SKU-F012,PLN-115,40.6
2026-03-25,SKU-F012,PLN-118,124.6
2026-03-25,SKU-F012,PLN-124,70.35
2026-03-25,SKU-F012,PLN-132,68.87
2026-03-25,SKU-F012,PLN-136,40.03
2026-03-26,SKU-F008,PLN-020,254.16
2026-03-26,SKU-F008,PLN-024,128.4
2026-03-26,SKU-F008,PLN-048,130.91
2026-03-26,SKU-F008,PLN-050,156.93
2026-03-26,SKU-F008,PLN-078,56.37
2026-03-26,SKU-F008,PLN-092,61.48
2026-03-26,SKU-F008,PLN-106,109.62
2026-03-26,SKU-F008,PLN-115,46.66
2026-03-26,SKU-F008,PLN-118,160.15
2026-03-26,SKU-F008,PLN-124,122.27
2026-03-26,SKU-F008,PLN-132,97.66
2026-03-26,SKU-F008,PLN-136,46.1
2026-03-26,SKU-F012,PLN-020,241.58
2026-03-26,SKU-F012,PLN-024,117.05
2026-03-26,SKU-F012,PLN-048,92.98
2026-03-26,SKU-F012,PLN-050,117.67
2026-03-26,SKU-F012,PLN-078,54.25
2026-03-26,SKU-F012,PLN-092,57.61
2026-03-26,SKU-F012,PLN-106,102.62
2026-03-26,SKU-F012,PLN-115,43.2
2026-03-26,SKU-F012,PLN-118,134.64
2026-03-26,SKU-F012,PLN-124,76.72
2026-03-26,SKU-F012,PLN-132,72.21
2026-03-26,SKU-F012,PLN-136,42.63
2026-03-27,SKU-F008,PLN-020,326.43
2026-03-27,SKU-F008,PLN-024,198.01
2026-03-27,SKU-F008,PLN-048,164.32
2026-03-27,SKU-F008,PLN-050,213.3
2026-03-27,SKU-F008,PLN-078,81.87
2026-03-27,SKU-F008,PLN-092,85.6
2026-03-27,SKU-F008,PLN-106,158.0
2026-03-27,SKU-F008,PLN-115,67.18
2026-03-27,SKU-F008,PLN-118,211.59
2026-03-27,SKU-F008,PLN-124,171.05
2026-03-27,SKU-F008,PLN-132,124.2
2026-03-27,SKU-F008,PLN-136,66.62
2026-03-27,SKU-F012,PLN-020,326.93
2026-03-27,SKU-F012,PLN-024,170.38
2026-03-27,SKU-F012,PLN-048,119.85
2026-03-27,SKU-F012,PLN-050,168.24
2026-03-27,SKU-F012,PLN-078,76.49
2026-03-27,SKU-F012,PLN-092,81.76
2026-03-27,SKU-F012,PLN-106,151.86
2026-03-27,SKU-F012,PLN-115,64.87
2026-03-27,SKU-F012,PLN-118,199.83
2026-03-27,SKU-F012,PLN-124,110.88
2026-03-27,SKU-F012,PLN-132,116.06
2026-03-27,SKU-F012,PLN-136,64.3
2026-03-28,SKU-F008,PLN-020,401.5
2026-03-28,SKU-F008,PLN-024,226.67
2026-03-28,SKU-F008,PLN-048,214.18
2026-03-28,SKU-F008,PLN-050,251.91
2026-03-28,SKU-F008,PLN-078,89.36
2026-03-28,SKU-F008,PLN-092,97.86
2026-03-28,SKU-F008,PLN-106,175.21
2026-03-28,SKU-F008,PLN-115,73.78
2026-03-28,SKU-F008,PLN-118,222.38
2026-03-28,SKU-F008,PLN-124,193.31
2026-03-28,SKU-F008,PLN-132,130.69
2026-03-28,SKU-F008,PLN-136,73.08
2026-03-28,SKU-F012,PLN-020,449.19
2026-03-28,SKU-F012,PLN-024,197.39
2026-03-28,SKU-F012,PLN-048,149.8
2026-03-28,SKU-F012,PLN-050,196.53
2026-03-28,SKU-F012,PLN-078,85.17
2026-03-28,SKU-F012,PLN-092,89.14
2026-03-28,SKU-F012,PLN-106,162.2
2026-03-28,SKU-F012,PLN-115,71.64
2026-03-28,SKU-F012,PLN-118,220.16
2026-03-28,SKU-F012,PLN-124,121.76
2026-03-28,SKU-F012,PLN-132,118.96
2026-03-28,SKU-F012,PLN-136,71.08
2026-03-30,SKU-F008,PLN-020,210.67
2026-03-30,SKU-F008,PLN-024,115.82
2026-03-30,SKU-F008,PLN-048,128.28
2026-03-30,SKU-F008,PLN-050,143.62
2026-03-30,SKU-F008,PLN-078,51.66
2026-03-30,SKU-F008,PLN-092,57.81
2026-03-30,SKU-F008,PLN-106,92.78
2026-03-30,SKU-F008,PLN-115,41.37
2026-03-30,SKU-F008,PLN-118,125.8
2026-03-30,SKU-F008,PLN-124,110.19
2026-03-30,SKU-F008,PLN-132,79.74
2026-03-30,SKU-F008,PLN-136,41.19
2026-03-30,SKU-F012,PLN-020,220.5
2026-03-30,SKU-F012,PLN-024,98.99
2026-03-30,SKU-F012,PLN-048,90.45
2026-03-30,SKU-F012,PLN-050,116.47
2026-03-30,SKU-F012,PLN-078,49.44
2026-03-30,SKU-F012,PLN-092,49.27
2026-03-30,SKU-F012,PLN-106,91.09
2026-03-30,SKU-F012,PLN-115,37.3
2026-03-30,SKU-F012,PLN-118,126.33
2026-03-30,SKU-F012,PLN-124,68.57
2026-03-30,SKU-F012,PLN-132,66.92
2026-03-30,SKU-F012,PLN-136,37.12
2026-03-31,SKU-F008,PLN-020,224.23
2026-03-31,SKU-F008,PLN-024,117.28
2026-03-31,SKU-F008,PLN-048,125.03
2026-03-31,SKU-F008,PLN-050,136.77
2026-03-31,SKU-F008,PLN-078,52.94
2026-03-31,SKU-F008,PLN-092,59.68
2026-03-31,SKU-F008,PLN-106,96.94
2026-03-31,SKU-F008,PLN-115,42.81
2026-03-31,SKU-F008,PLN-118,127.04
2026-03-31,SKU-F008,PLN-124,108.89
2026-03-31,SKU-F008,PLN-132,81.68
2026-03-31,SKU-F008,PLN-136,40.49
2026-03-31,SKU-F012,PLN-020,227.37
2026-03-31,SKU-F012,PLN-024,97.65
2026-03-31,SKU-F012,PLN-048,87.05
2026-03-31,SKU-F012,PLN-050,112.83
2026-03-31,SKU-F012,PLN-078,50.72
2026-03-31,SKU-F012,PLN-092,50.98
2026-03-31,SKU-F012,PLN-106,92.9
2026-03-31,SKU-F012,PLN-115,38.75
2026-03-31,SKU-F012,PLN-118,128.35
2026-03-31,SKU-F012,PLN-124,69.85
2026-03-31,SKU-F012,PLN-132,67.83
2026-03-31,SKU-F012,PLN-136,38.57
